-- phpMyAdmin SQL Dump
-- version 5.2.1
-- https://www.phpmyadmin.net/
--
-- Host: localhost:3306
-- Generation Time: Feb 10, 2025 at 06:29 AM
-- Server version: 8.0.30
-- PHP Version: 8.1.10

SET SQL_MODE = "NO_AUTO_VALUE_ON_ZERO";
START TRANSACTION;
SET time_zone = "+00:00";


/*!40101 SET @OLD_CHARACTER_SET_CLIENT=@@CHARACTER_SET_CLIENT */;
/*!40101 SET @OLD_CHARACTER_SET_RESULTS=@@CHARACTER_SET_RESULTS */;
/*!40101 SET @OLD_COLLATION_CONNECTION=@@COLLATION_CONNECTION */;
/*!40101 SET NAMES utf8mb4 */;

--
-- Database: `simpeg`
--

-- --------------------------------------------------------

--
-- Table structure for table `failed_jobs`
--

CREATE TABLE `failed_jobs` (
  `id` bigint UNSIGNED NOT NULL,
  `uuid` varchar(255) COLLATE utf8mb4_unicode_ci NOT NULL,
  `connection` text COLLATE utf8mb4_unicode_ci NOT NULL,
  `queue` text COLLATE utf8mb4_unicode_ci NOT NULL,
  `payload` longtext COLLATE utf8mb4_unicode_ci NOT NULL,
  `exception` longtext COLLATE utf8mb4_unicode_ci NOT NULL,
  `failed_at` timestamp NOT NULL DEFAULT CURRENT_TIMESTAMP
) ENGINE=InnoDB DEFAULT CHARSET=utf8mb4 COLLATE=utf8mb4_unicode_ci;

-- --------------------------------------------------------

--
-- Table structure for table `izin_sakit`
--

CREATE TABLE `izin_sakit` (
  `id` bigint UNSIGNED NOT NULL,
  `pegawai_id` char(18) COLLATE utf8mb4_unicode_ci NOT NULL,
  `tgl_izin` date NOT NULL,
  `status` char(1) COLLATE utf8mb4_unicode_ci NOT NULL COMMENT 's: Sakit, i: Izin',
  `keterangan` text COLLATE utf8mb4_unicode_ci,
  `status_approved` tinyint NOT NULL DEFAULT '0' COMMENT '0: Pending, 1: Disetujui, 2: Ditolak',
  `created_at` timestamp NULL DEFAULT NULL,
  `updated_at` timestamp NULL DEFAULT NULL
) ENGINE=InnoDB DEFAULT CHARSET=utf8mb4 COLLATE=utf8mb4_unicode_ci;

--
-- Dumping data for table `izin_sakit`
--

INSERT INTO `izin_sakit` (`id`, `pegawai_id`, `tgl_izin`, `status`, `keterangan`, `status_approved`, `created_at`, `updated_at`) VALUES
(1, '197212222000031004', '2025-01-20', 'i', NULL, 1, '2025-02-10 06:27:51', '2025-02-10 06:27:51'),
(2, '0282003589', '2025-01-02', 's', 'Dolor expedita qui sequi dolores qui id eum.', 2, '2025-02-10 06:27:51', '2025-02-10 06:27:51'),
(3, '0216370847', '2025-01-25', 'i', NULL, 2, '2025-02-10 06:27:51', '2025-02-10 06:27:51'),
(4, '3264278004', '2024-12-23', 'i', 'Rem eos non expedita eveniet dolorum quia enim.', 2, '2025-02-10 06:27:51', '2025-02-10 06:27:51'),
(5, '196902031989031006', '2024-12-31', 's', 'Aut eos iusto dicta molestiae.', 1, '2025-02-10 06:27:51', '2025-02-10 06:27:51'),
(6, '0282003589', '2025-01-03', 'i', NULL, 2, '2025-02-10 06:27:51', '2025-02-10 06:27:51'),
(7, '196902031989031006', '2025-01-16', 'i', NULL, 2, '2025-02-10 06:27:51', '2025-02-10 06:27:51'),
(8, '4153918741', '2025-01-10', 'i', 'Et doloribus officia eligendi et aut facere deserunt.', 1, '2025-02-10 06:27:51', '2025-02-10 06:27:51'),
(9, '0282003589', '2025-01-18', 's', 'A fugiat rerum placeat eos sit.', 2, '2025-02-10 06:27:51', '2025-02-10 06:27:51'),
(10, '0282003589', '2025-01-23', 'i', NULL, 0, '2025-02-10 06:27:51', '2025-02-10 06:27:51'),
(11, '7949447646', '2024-12-18', 's', 'Aut nisi nulla qui mollitia voluptatem aliquam culpa.', 1, '2025-02-10 06:27:51', '2025-02-10 06:27:51'),
(12, '3264278004', '2025-01-18', 'i', 'Itaque commodi fugit ducimus dolores totam et a.', 2, '2025-02-10 06:27:51', '2025-02-10 06:27:51'),
(13, '4153918741', '2025-01-21', 'i', 'Et dolorem velit porro rerum voluptatem tempore neque ducimus.', 0, '2025-02-10 06:27:51', '2025-02-10 06:27:51'),
(14, '4153918741', '2025-02-04', 'i', NULL, 1, '2025-02-10 06:27:51', '2025-02-10 06:27:51'),
(15, '0216370847', '2024-12-20', 'i', 'Odio voluptatem accusamus quam.', 0, '2025-02-10 06:27:51', '2025-02-10 06:27:51'),
(16, '7949447646', '2025-01-31', 'i', NULL, 0, '2025-02-10 06:27:51', '2025-02-10 06:27:51'),
(17, '0216370847', '2024-12-17', 'i', NULL, 0, '2025-02-10 06:27:51', '2025-02-10 06:27:51'),
(18, '0282003589', '2025-01-04', 'i', NULL, 2, '2025-02-10 06:27:51', '2025-02-10 06:27:51'),
(19, '197212222000031004', '2024-12-13', 'i', 'Assumenda quidem quam itaque et maiores harum vel exercitationem.', 1, '2025-02-10 06:27:51', '2025-02-10 06:27:51'),
(20, '197212222000031004', '2024-12-26', 'i', NULL, 0, '2025-02-10 06:27:51', '2025-02-10 06:27:51'),
(21, '0282003589', '2025-01-01', 's', NULL, 1, '2025-02-10 06:27:51', '2025-02-10 06:27:51'),
(22, '3264278004', '2024-12-17', 's', 'Asperiores facilis explicabo molestiae beatae.', 0, '2025-02-10 06:27:51', '2025-02-10 06:27:51'),
(23, '0216370847', '2025-01-24', 's', NULL, 2, '2025-02-10 06:27:51', '2025-02-10 06:27:51'),
(24, '197212222000031004', '2024-12-19', 'i', NULL, 0, '2025-02-10 06:27:51', '2025-02-10 06:27:51'),
(25, '4153918741', '2025-02-07', 's', NULL, 1, '2025-02-10 06:27:51', '2025-02-10 06:27:51'),
(26, '3264278004', '2025-02-03', 'i', 'Itaque in sed sed blanditiis ut.', 2, '2025-02-10 06:27:51', '2025-02-10 06:27:51'),
(27, '4153918741', '2025-01-29', 'i', NULL, 0, '2025-02-10 06:27:51', '2025-02-10 06:27:51'),
(28, '0216370847', '2025-02-09', 'i', 'Unde voluptas incidunt id est ad.', 1, '2025-02-10 06:27:51', '2025-02-10 06:27:51'),
(29, '0216370847', '2024-12-14', 'i', 'Corporis et magni quo aliquam.', 0, '2025-02-10 06:27:51', '2025-02-10 06:27:51'),
(30, '4289504371', '2024-12-20', 's', 'Consequuntur voluptas repudiandae reiciendis et.', 0, '2025-02-10 06:27:51', '2025-02-10 06:27:51'),
(31, '197212222000031004', '2024-12-15', 'i', 'Pariatur natus possimus modi ratione consectetur dolorem eum sed.', 2, '2025-02-10 06:27:51', '2025-02-10 06:27:51'),
(32, '7391175503', '2024-12-21', 'i', NULL, 1, '2025-02-10 06:27:51', '2025-02-10 06:27:51'),
(33, '2987557703', '2025-01-25', 's', NULL, 1, '2025-02-10 06:27:51', '2025-02-10 06:27:51'),
(34, '196902031989031006', '2025-02-02', 's', NULL, 1, '2025-02-10 06:27:51', '2025-02-10 06:27:51'),
(35, '7949447646', '2025-02-05', 'i', NULL, 1, '2025-02-10 06:27:51', '2025-02-10 06:27:51'),
(36, '4289504371', '2024-12-19', 's', 'In et modi voluptatibus quis repudiandae nam.', 0, '2025-02-10 06:27:51', '2025-02-10 06:27:51'),
(37, '2987557703', '2025-01-31', 's', 'Facilis consectetur est molestiae.', 0, '2025-02-10 06:27:51', '2025-02-10 06:27:51'),
(38, '0282003589', '2025-02-07', 's', 'Quas perferendis maiores tenetur reiciendis ex aliquam et.', 1, '2025-02-10 06:27:51', '2025-02-10 06:27:51'),
(39, '7949447646', '2025-02-06', 'i', NULL, 1, '2025-02-10 06:27:51', '2025-02-10 06:27:51'),
(40, '2987557703', '2025-01-02', 'i', NULL, 1, '2025-02-10 06:27:51', '2025-02-10 06:27:51'),
(41, '0282003589', '2025-01-11', 'i', 'Dignissimos est adipisci iste.', 0, '2025-02-10 06:27:51', '2025-02-10 06:27:51'),
(42, '4153918741', '2024-12-21', 's', 'Voluptatem voluptas sed quas sit ut.', 0, '2025-02-10 06:27:51', '2025-02-10 06:27:51'),
(43, '2987557703', '2025-02-04', 'i', NULL, 0, '2025-02-10 06:27:51', '2025-02-10 06:27:51'),
(44, '4289504371', '2025-01-21', 's', 'Blanditiis doloribus reiciendis qui esse.', 0, '2025-02-10 06:27:51', '2025-02-10 06:27:51'),
(45, '3264278004', '2025-01-08', 'i', NULL, 0, '2025-02-10 06:27:51', '2025-02-10 06:27:51'),
(46, '4153918741', '2024-12-31', 's', 'Doloremque fugit modi et omnis autem pariatur.', 1, '2025-02-10 06:27:51', '2025-02-10 06:27:51'),
(47, '0282003589', '2025-01-11', 's', 'Error nam est magni sunt et.', 1, '2025-02-10 06:27:51', '2025-02-10 06:27:51'),
(48, '197212222000031004', '2025-01-12', 'i', NULL, 2, '2025-02-10 06:27:51', '2025-02-10 06:27:51'),
(49, '0282003589', '2025-01-30', 's', 'Odio ipsam ex dolorem et autem minus.', 2, '2025-02-10 06:27:51', '2025-02-10 06:27:51'),
(50, '0216370847', '2024-12-22', 'i', 'Possimus labore impedit ut quos quia.', 1, '2025-02-10 06:27:51', '2025-02-10 06:27:51');

-- --------------------------------------------------------

--
-- Table structure for table `jabatan`
--

CREATE TABLE `jabatan` (
  `id` bigint UNSIGNED NOT NULL,
  `kode_jabatan` varchar(20) COLLATE utf8mb4_unicode_ci NOT NULL,
  `nama_jabatan` varchar(100) COLLATE utf8mb4_unicode_ci NOT NULL,
  `pangkat` varchar(50) COLLATE utf8mb4_unicode_ci NOT NULL,
  `departemen` varchar(100) COLLATE utf8mb4_unicode_ci NOT NULL,
  `tingkat_jabatan` varchar(50) COLLATE utf8mb4_unicode_ci NOT NULL,
  `gaji_pokok` decimal(15,2) NOT NULL,
  `tunjangan` decimal(15,2) DEFAULT NULL,
  `created_at` timestamp NULL DEFAULT NULL,
  `updated_at` timestamp NULL DEFAULT NULL
) ENGINE=InnoDB DEFAULT CHARSET=utf8mb4 COLLATE=utf8mb4_unicode_ci;

--
-- Dumping data for table `jabatan`
--

INSERT INTO `jabatan` (`id`, `kode_jabatan`, `nama_jabatan`, `pangkat`, `departemen`, `tingkat_jabatan`, `gaji_pokok`, `tunjangan`, `created_at`, `updated_at`) VALUES
(1, 'KD01', 'Kepala Dinas', 'Pembina Utama Muda (IV/c)', 'Administrasi Kependudukan', 'Struktural', 10000000.00, 5000000.00, '2025-02-10 06:27:44', '2025-02-10 06:27:44'),
(2, 'KD02', 'Kepala UPT', 'Pembina Utama Muda (IV/c)', 'Administrasi Kependudukan', 'Struktural', 8000000.00, 3500000.00, '2025-02-10 06:27:44', '2025-02-10 06:27:44'),
(3, 'KD03', 'Sekretaris', 'Pembina Utama Madya (IV/d)', 'Administrasi Kependudukan', 'Struktural', 9000000.00, 4000000.00, '2025-02-10 06:27:44', '2025-02-10 06:27:44'),
(4, 'KD04', 'Kepala Bidang Pelayanan Pendaftaran Penduduk', 'Pembina Utama Muda (IV/c)', 'Pelayanan Pendaftaran Penduduk', 'Struktural', 8500000.00, 3500000.00, '2025-02-10 06:27:44', '2025-02-10 06:27:44'),
(5, 'KD05', 'Kepala Bidang Pelayanan Pencatatan Sipil', 'Pembina Utama Muda (IV/c)', 'Pelayanan Pencatatan Sipil', 'Struktural', 8500000.00, 3500000.00, '2025-02-10 06:27:44', '2025-02-10 06:27:44'),
(6, 'KD06', 'Kepala Bidang PIAK dan Pemanfaatan Data', 'Pembina Utama Madya (IV/b)', 'PIAK dan Pemanfaatan Data', 'Struktural', 8000000.00, 3000000.00, '2025-02-10 06:27:44', '2025-02-10 06:27:44'),
(7, 'KD07', 'Staff Pelayanan', 'Pembina Muda (III/a)', 'Pelayanan', 'Fungsional', 5000000.00, 2000000.00, '2025-02-10 06:27:44', '2025-02-10 06:27:44'),
(8, 'KD08', 'Staff Administrasi', 'Pembina Muda (III/a)', 'Administrasi', 'Fungsional', 5000000.00, 2000000.00, '2025-02-10 06:27:44', '2025-02-10 06:27:44'),
(9, 'KD09', 'Operator Sistem', 'Pembina Muda (III/b)', 'Sistem Informasi', 'Fungsional', 6000000.00, 2500000.00, '2025-02-10 06:27:44', '2025-02-10 06:27:44');

-- --------------------------------------------------------

--
-- Table structure for table `konfigurasi_lokasi`
--

CREATE TABLE `konfigurasi_lokasi` (
  `id` bigint UNSIGNED NOT NULL,
  `lokasi_kantor` varchar(255) COLLATE utf8mb4_unicode_ci NOT NULL,
  `radius` smallint NOT NULL,
  `created_at` timestamp NULL DEFAULT NULL,
  `updated_at` timestamp NULL DEFAULT NULL
) ENGINE=InnoDB DEFAULT CHARSET=utf8mb4 COLLATE=utf8mb4_unicode_ci;

--
-- Dumping data for table `konfigurasi_lokasi`
--

INSERT INTO `konfigurasi_lokasi` (`id`, `lokasi_kantor`, `radius`, `created_at`, `updated_at`) VALUES
(1, '-3.33439004814505,114.59285502140446', 20, '2025-02-10 06:27:44', '2025-02-10 06:29:08');

-- --------------------------------------------------------

--
-- Table structure for table `migrations`
--

CREATE TABLE `migrations` (
  `id` int UNSIGNED NOT NULL,
  `migration` varchar(255) COLLATE utf8mb4_unicode_ci NOT NULL,
  `batch` int NOT NULL
) ENGINE=InnoDB DEFAULT CHARSET=utf8mb4 COLLATE=utf8mb4_unicode_ci;

--
-- Dumping data for table `migrations`
--

INSERT INTO `migrations` (`id`, `migration`, `batch`) VALUES
(1, '2014_10_12_000000_create_users_table', 1),
(2, '2014_10_12_100000_create_password_reset_tokens_table', 1),
(3, '2019_08_19_000000_create_failed_jobs_table', 1),
(4, '2019_12_14_000001_create_personal_access_tokens_table', 1),
(5, '2024_12_25_040916_jabatan', 1),
(6, '2024_12_26_074411_pegawai', 1),
(7, '2024_12_27_070536_presensi', 1),
(8, '2024_12_31_120919_izin_sakit', 1),
(9, '2025_01_07_203712_konfigurasi_lokasi', 1);

-- --------------------------------------------------------

--
-- Table structure for table `password_reset_tokens`
--

CREATE TABLE `password_reset_tokens` (
  `email` varchar(255) COLLATE utf8mb4_unicode_ci NOT NULL,
  `token` varchar(255) COLLATE utf8mb4_unicode_ci NOT NULL,
  `created_at` timestamp NULL DEFAULT NULL
) ENGINE=InnoDB DEFAULT CHARSET=utf8mb4 COLLATE=utf8mb4_unicode_ci;

-- --------------------------------------------------------

--
-- Table structure for table `pegawai`
--

CREATE TABLE `pegawai` (
  `nip` char(18) COLLATE utf8mb4_unicode_ci NOT NULL,
  `foto` varchar(255) COLLATE utf8mb4_unicode_ci DEFAULT NULL,
  `nama` varchar(255) COLLATE utf8mb4_unicode_ci NOT NULL,
  `jabatan_id` bigint UNSIGNED NOT NULL,
  `alamat` text COLLATE utf8mb4_unicode_ci NOT NULL,
  `no_telp` varchar(255) COLLATE utf8mb4_unicode_ci NOT NULL,
  `tanggal_lahir` date NOT NULL,
  `jenis_kelamin` enum('L','P') COLLATE utf8mb4_unicode_ci NOT NULL,
  `tanggal_masuk` date NOT NULL,
  `email` varchar(255) COLLATE utf8mb4_unicode_ci NOT NULL,
  `password` varchar(255) COLLATE utf8mb4_unicode_ci NOT NULL,
  `remember_token` varchar(100) COLLATE utf8mb4_unicode_ci DEFAULT NULL,
  `created_at` timestamp NULL DEFAULT NULL,
  `updated_at` timestamp NULL DEFAULT NULL
) ENGINE=InnoDB DEFAULT CHARSET=utf8mb4 COLLATE=utf8mb4_unicode_ci;

--
-- Dumping data for table `pegawai`
--

INSERT INTO `pegawai` (`nip`, `foto`, `nama`, `jabatan_id`, `alamat`, `no_telp`, `tanggal_lahir`, `jenis_kelamin`, `tanggal_masuk`, `email`, `password`, `remember_token`, `created_at`, `updated_at`) VALUES
('0216370847', NULL, 'Suci Farida', 9, 'Dk. Gardujati No. 588, Tanjungbalai 49471, Sumut', '087589052475', '1997-02-26', 'P', '1986-08-20', 'mwacana@example.com', '$2y$12$KZV6Oiv5Xgp/vYsTcWxh2OTqpsRUh0FirYQb6u8DGAMhtEopRUkSy', NULL, '2025-02-10 06:27:47', '2025-02-10 06:27:47'),
('0282003589', NULL, 'Ridwan Harjasa Winarno', 3, 'Gg. Cut Nyak Dien No. 265, Solok 85717, Jateng', '084304649328', '1997-12-26', 'L', '2005-04-14', 'lthamrin@example.net', '$2y$12$T5HPlbplGvZuZVj3nI9rBenIIFq9RBC2qcL8CF8gWCXKANUFiXECm', NULL, '2025-02-10 06:27:47', '2025-02-10 06:27:47'),
('196902031989031006', '', 'Guzali', 2, 'JL. Banjarmasin', '081011121314', '1978-10-21', 'L', '2000-03-01', 'guzali@example.com', '$2y$12$HMbHgZGUTsCTEuUnzjWw2.2NREX5gOP7TzLSKgNfhpTf5qTAOEZv.', NULL, '2025-02-10 06:27:47', '2025-02-10 06:27:47'),
('197212222000031004', '', 'Yusna Irawan, SE, M.Eng', 1, 'JL. Banjarmasin', '081234567890', '1972-12-22', 'L', '2000-03-01', 'yusna.irawan@example.com', '$2y$12$y8GP0X87jVSbIC85V9ejAeZWo8jKB4psmBSYTUabDkusHjz6t7bKK', NULL, '2025-02-10 06:27:48', '2025-02-10 06:27:48'),
('2987557703', NULL, 'Nasrullah Daliono Suryono', 7, 'Dk. Gajah Mada No. 255, Pekalongan 28648, Jateng', '083069525811', '2000-02-09', 'L', '1970-06-13', 'yuliarti.kamaria@example.com', '$2y$12$hYilp.7VCJ.MIzmOjx7t5eIBIP7CjJ1N6AVFN8.3tQWS71ikzbDDa', NULL, '2025-02-10 06:27:47', '2025-02-10 06:27:47'),
('3264278004', NULL, 'Dalima Zizi Winarsih S.Ked', 4, 'Jr. Cut Nyak Dien No. 788, Tegal 22563, Riau', '082509590574', '2004-05-02', 'P', '2009-06-20', 'waluyo.wijaya@example.com', '$2y$12$9DEhLL4QKdAjlbzUhWwCd.Pb22yMGWS.W57r3VV18rds7G6ahQfmW', NULL, '2025-02-10 06:27:47', '2025-02-10 06:27:47'),
('4153918741', NULL, 'Kayla Yuniar', 3, 'Dk. Hang No. 406, Tanjungbalai 49744, Jateng', '084245032214', '1989-10-07', 'P', '1980-04-29', 'sirait.amalia@example.org', '$2y$12$Z2uGclB5wk17fkIb5g2x8eoQ.OXNLS1/Ii6yZKZci.MSkLP4S.XcC', NULL, '2025-02-10 06:27:47', '2025-02-10 06:27:47'),
('4289504371', NULL, 'Kiandra Mandasari', 4, 'Jr. Peta No. 762, Denpasar 68433, NTT', '088988129783', '1975-07-09', 'P', '2011-07-31', 'galar87@example.net', '$2y$12$tIL5URiMxIQHeFw6kc9TD.AV/Mh1/nwPavpoS7Evo2V0W4LBYiQCC', NULL, '2025-02-10 06:27:47', '2025-02-10 06:27:47'),
('7391175503', NULL, 'Betania Rahmawati', 5, 'Gg. Baung No. 713, Manado 22351, Banten', '089243789915', '1993-11-21', 'P', '1989-05-30', 'anapitupulu@example.com', '$2y$12$TB1DLAvW0uDix9AP9wSnkOlcplE5RXtnMn.QG2h9wIVHplUvDeKS.', NULL, '2025-02-10 06:27:47', '2025-02-10 06:27:47'),
('7949447646', NULL, 'Elisa Wahyuni', 6, 'Jln. Nangka No. 431, Batu 82794, Kaltara', '084489512983', '1988-04-19', 'P', '1998-08-26', 'jarwi.maryadi@example.com', '$2y$12$i.dLjUzK/ZpcLiSZm8CBJOHZajmuulx.uOZ6dV2oBU.E885LtOT3i', NULL, '2025-02-10 06:27:47', '2025-02-10 06:27:47');

-- --------------------------------------------------------

--
-- Table structure for table `personal_access_tokens`
--

CREATE TABLE `personal_access_tokens` (
  `id` bigint UNSIGNED NOT NULL,
  `tokenable_type` varchar(255) COLLATE utf8mb4_unicode_ci NOT NULL,
  `tokenable_id` bigint UNSIGNED NOT NULL,
  `name` varchar(255) COLLATE utf8mb4_unicode_ci NOT NULL,
  `token` varchar(64) COLLATE utf8mb4_unicode_ci NOT NULL,
  `abilities` text COLLATE utf8mb4_unicode_ci,
  `last_used_at` timestamp NULL DEFAULT NULL,
  `expires_at` timestamp NULL DEFAULT NULL,
  `created_at` timestamp NULL DEFAULT NULL,
  `updated_at` timestamp NULL DEFAULT NULL
) ENGINE=InnoDB DEFAULT CHARSET=utf8mb4 COLLATE=utf8mb4_unicode_ci;

-- --------------------------------------------------------

--
-- Table structure for table `presensi`
--

CREATE TABLE `presensi` (
  `id` bigint UNSIGNED NOT NULL,
  `pegawai_id` char(18) COLLATE utf8mb4_unicode_ci NOT NULL,
  `tgl_presensi` date NOT NULL,
  `jam_in` time DEFAULT NULL,
  `jam_out` time DEFAULT NULL,
  `foto_in` varchar(255) COLLATE utf8mb4_unicode_ci DEFAULT NULL,
  `foto_out` varchar(255) COLLATE utf8mb4_unicode_ci DEFAULT NULL,
  `lokasi_in` text COLLATE utf8mb4_unicode_ci,
  `lokasi_out` text COLLATE utf8mb4_unicode_ci,
  `created_at` timestamp NULL DEFAULT NULL,
  `updated_at` timestamp NULL DEFAULT NULL
) ENGINE=InnoDB DEFAULT CHARSET=utf8mb4 COLLATE=utf8mb4_unicode_ci;

--
-- Dumping data for table `presensi`
--

INSERT INTO `presensi` (`id`, `pegawai_id`, `tgl_presensi`, `jam_in`, `jam_out`, `foto_in`, `foto_out`, `lokasi_in`, `lokasi_out`, `created_at`, `updated_at`) VALUES
(1, '0216370847', '2024-12-02', '10:27:00', '17:24:00', NULL, NULL, '-3.3343281,114.5927959', '-3.3343259,114.5927948', '2025-02-10 06:27:48', '2025-02-10 06:27:48'),
(2, '0216370847', '2024-12-03', '10:29:00', '15:13:00', NULL, NULL, '-3.3343281,114.5927959', '-3.3343259,114.5927948', '2025-02-10 06:27:48', '2025-02-10 06:27:48'),
(3, '0216370847', '2024-12-04', '10:58:00', '15:13:00', NULL, NULL, '-3.3343281,114.5927959', '-3.3343259,114.5927948', '2025-02-10 06:27:48', '2025-02-10 06:27:48'),
(4, '0216370847', '2024-12-05', '08:18:00', '16:16:00', NULL, NULL, '-3.3343281,114.5927959', '-3.3343259,114.5927948', '2025-02-10 06:27:48', '2025-02-10 06:27:48'),
(5, '0216370847', '2024-12-06', '10:38:00', '16:12:00', NULL, NULL, '-3.3343281,114.5927959', '-3.3343259,114.5927948', '2025-02-10 06:27:48', '2025-02-10 06:27:48'),
(6, '0216370847', '2024-12-09', '08:43:00', '16:11:00', NULL, NULL, '-3.3343281,114.5927959', '-3.3343259,114.5927948', '2025-02-10 06:27:48', '2025-02-10 06:27:48'),
(7, '0216370847', '2024-12-10', '08:55:00', '17:29:00', NULL, NULL, '-3.3343281,114.5927959', '-3.3343259,114.5927948', '2025-02-10 06:27:48', '2025-02-10 06:27:48'),
(8, '0216370847', '2024-12-11', '08:44:00', '16:47:00', NULL, NULL, '-3.3343281,114.5927959', '-3.3343259,114.5927948', '2025-02-10 06:27:48', '2025-02-10 06:27:48'),
(9, '0216370847', '2024-12-12', '08:06:00', '15:56:00', NULL, NULL, '-3.3343281,114.5927959', '-3.3343259,114.5927948', '2025-02-10 06:27:48', '2025-02-10 06:27:48'),
(10, '0216370847', '2024-12-13', '10:20:00', '16:15:00', NULL, NULL, '-3.3343281,114.5927959', '-3.3343259,114.5927948', '2025-02-10 06:27:48', '2025-02-10 06:27:48'),
(11, '0216370847', '2024-12-16', '08:40:00', '17:31:00', NULL, NULL, '-3.3343281,114.5927959', '-3.3343259,114.5927948', '2025-02-10 06:27:48', '2025-02-10 06:27:48'),
(12, '0216370847', '2024-12-17', '08:28:00', '17:15:00', NULL, NULL, '-3.3343281,114.5927959', '-3.3343259,114.5927948', '2025-02-10 06:27:48', '2025-02-10 06:27:48'),
(13, '0216370847', '2024-12-18', '10:51:00', '17:52:00', NULL, NULL, '-3.3343281,114.5927959', '-3.3343259,114.5927948', '2025-02-10 06:27:48', '2025-02-10 06:27:48'),
(14, '0216370847', '2024-12-19', '10:09:00', '15:26:00', NULL, NULL, '-3.3343281,114.5927959', '-3.3343259,114.5927948', '2025-02-10 06:27:48', '2025-02-10 06:27:48'),
(15, '0216370847', '2024-12-20', '09:17:00', '17:45:00', NULL, NULL, '-3.3343281,114.5927959', '-3.3343259,114.5927948', '2025-02-10 06:27:48', '2025-02-10 06:27:48'),
(16, '0216370847', '2024-12-23', '08:11:00', '15:39:00', NULL, NULL, '-3.3343281,114.5927959', '-3.3343259,114.5927948', '2025-02-10 06:27:48', '2025-02-10 06:27:48'),
(17, '0216370847', '2024-12-24', '09:56:00', '17:03:00', NULL, NULL, '-3.3343281,114.5927959', '-3.3343259,114.5927948', '2025-02-10 06:27:48', '2025-02-10 06:27:48'),
(18, '0216370847', '2024-12-25', '08:57:00', '16:19:00', NULL, NULL, '-3.3343281,114.5927959', '-3.3343259,114.5927948', '2025-02-10 06:27:48', '2025-02-10 06:27:48'),
(19, '0216370847', '2024-12-26', '09:53:00', '17:44:00', NULL, NULL, '-3.3343281,114.5927959', '-3.3343259,114.5927948', '2025-02-10 06:27:48', '2025-02-10 06:27:48'),
(20, '0216370847', '2024-12-27', '10:39:00', '16:57:00', NULL, NULL, '-3.3343281,114.5927959', '-3.3343259,114.5927948', '2025-02-10 06:27:48', '2025-02-10 06:27:48'),
(21, '0216370847', '2024-12-30', '09:58:00', '16:17:00', NULL, NULL, '-3.3343281,114.5927959', '-3.3343259,114.5927948', '2025-02-10 06:27:48', '2025-02-10 06:27:48'),
(22, '0216370847', '2024-12-31', '10:25:00', '17:30:00', NULL, NULL, '-3.3343281,114.5927959', '-3.3343259,114.5927948', '2025-02-10 06:27:48', '2025-02-10 06:27:48'),
(23, '0216370847', '2025-01-01', '09:57:00', '15:40:00', NULL, NULL, '-3.3343281,114.5927959', '-3.3343259,114.5927948', '2025-02-10 06:27:48', '2025-02-10 06:27:48'),
(24, '0216370847', '2025-01-02', '08:19:00', '15:39:00', NULL, NULL, '-3.3343281,114.5927959', '-3.3343259,114.5927948', '2025-02-10 06:27:48', '2025-02-10 06:27:48'),
(25, '0216370847', '2025-01-03', '10:09:00', '16:50:00', NULL, NULL, '-3.3343281,114.5927959', '-3.3343259,114.5927948', '2025-02-10 06:27:48', '2025-02-10 06:27:48'),
(26, '0216370847', '2025-01-06', '10:12:00', '17:14:00', NULL, NULL, '-3.3343281,114.5927959', '-3.3343259,114.5927948', '2025-02-10 06:27:48', '2025-02-10 06:27:48'),
(27, '0216370847', '2025-01-07', '08:08:00', '15:41:00', NULL, NULL, '-3.3343281,114.5927959', '-3.3343259,114.5927948', '2025-02-10 06:27:48', '2025-02-10 06:27:48'),
(28, '0216370847', '2025-01-08', '08:17:00', '16:18:00', NULL, NULL, '-3.3343281,114.5927959', '-3.3343259,114.5927948', '2025-02-10 06:27:48', '2025-02-10 06:27:48'),
(29, '0216370847', '2025-01-09', '08:36:00', '16:09:00', NULL, NULL, '-3.3343281,114.5927959', '-3.3343259,114.5927948', '2025-02-10 06:27:48', '2025-02-10 06:27:48'),
(30, '0216370847', '2025-01-10', '08:07:00', '17:11:00', NULL, NULL, '-3.3343281,114.5927959', '-3.3343259,114.5927948', '2025-02-10 06:27:48', '2025-02-10 06:27:48'),
(31, '0216370847', '2025-01-13', '08:34:00', '16:28:00', NULL, NULL, '-3.3343281,114.5927959', '-3.3343259,114.5927948', '2025-02-10 06:27:48', '2025-02-10 06:27:48'),
(32, '0216370847', '2025-01-14', '08:29:00', '15:33:00', NULL, NULL, '-3.3343281,114.5927959', '-3.3343259,114.5927948', '2025-02-10 06:27:48', '2025-02-10 06:27:48'),
(33, '0216370847', '2025-01-15', '08:20:00', '15:35:00', NULL, NULL, '-3.3343281,114.5927959', '-3.3343259,114.5927948', '2025-02-10 06:27:48', '2025-02-10 06:27:48'),
(34, '0216370847', '2025-01-16', '10:00:00', '16:21:00', NULL, NULL, '-3.3343281,114.5927959', '-3.3343259,114.5927948', '2025-02-10 06:27:48', '2025-02-10 06:27:48'),
(35, '0216370847', '2025-01-17', '09:09:00', '15:07:00', NULL, NULL, '-3.3343281,114.5927959', '-3.3343259,114.5927948', '2025-02-10 06:27:48', '2025-02-10 06:27:48'),
(36, '0216370847', '2025-01-20', '09:54:00', '17:20:00', NULL, NULL, '-3.3343281,114.5927959', '-3.3343259,114.5927948', '2025-02-10 06:27:48', '2025-02-10 06:27:48'),
(37, '0216370847', '2025-01-21', '09:10:00', '15:41:00', NULL, NULL, '-3.3343281,114.5927959', '-3.3343259,114.5927948', '2025-02-10 06:27:48', '2025-02-10 06:27:48'),
(38, '0216370847', '2025-01-22', '10:25:00', '16:29:00', NULL, NULL, '-3.3343281,114.5927959', '-3.3343259,114.5927948', '2025-02-10 06:27:48', '2025-02-10 06:27:48'),
(39, '0216370847', '2025-01-23', '10:54:00', '15:36:00', NULL, NULL, '-3.3343281,114.5927959', '-3.3343259,114.5927948', '2025-02-10 06:27:48', '2025-02-10 06:27:48'),
(40, '0216370847', '2025-01-24', '10:32:00', '17:32:00', NULL, NULL, '-3.3343281,114.5927959', '-3.3343259,114.5927948', '2025-02-10 06:27:48', '2025-02-10 06:27:48'),
(41, '0216370847', '2025-01-27', '09:27:00', '17:24:00', NULL, NULL, '-3.3343281,114.5927959', '-3.3343259,114.5927948', '2025-02-10 06:27:48', '2025-02-10 06:27:48'),
(42, '0216370847', '2025-01-28', '09:32:00', '15:53:00', NULL, NULL, '-3.3343281,114.5927959', '-3.3343259,114.5927948', '2025-02-10 06:27:48', '2025-02-10 06:27:48'),
(43, '0216370847', '2025-01-29', '08:30:00', '16:49:00', NULL, NULL, '-3.3343281,114.5927959', '-3.3343259,114.5927948', '2025-02-10 06:27:48', '2025-02-10 06:27:48'),
(44, '0216370847', '2025-01-30', '10:03:00', '17:03:00', NULL, NULL, '-3.3343281,114.5927959', '-3.3343259,114.5927948', '2025-02-10 06:27:48', '2025-02-10 06:27:48'),
(45, '0216370847', '2025-01-31', '08:22:00', '15:14:00', NULL, NULL, '-3.3343281,114.5927959', '-3.3343259,114.5927948', '2025-02-10 06:27:48', '2025-02-10 06:27:48'),
(46, '0216370847', '2025-02-03', '08:55:00', '17:50:00', NULL, NULL, '-3.3343281,114.5927959', '-3.3343259,114.5927948', '2025-02-10 06:27:48', '2025-02-10 06:27:48'),
(47, '0216370847', '2025-02-04', '08:01:00', '16:12:00', NULL, NULL, '-3.3343281,114.5927959', '-3.3343259,114.5927948', '2025-02-10 06:27:48', '2025-02-10 06:27:48'),
(48, '0216370847', '2025-02-05', '08:05:00', '17:16:00', NULL, NULL, '-3.3343281,114.5927959', '-3.3343259,114.5927948', '2025-02-10 06:27:48', '2025-02-10 06:27:48'),
(49, '0216370847', '2025-02-06', '10:33:00', '16:30:00', NULL, NULL, '-3.3343281,114.5927959', '-3.3343259,114.5927948', '2025-02-10 06:27:48', '2025-02-10 06:27:48'),
(50, '0216370847', '2025-02-07', '10:09:00', '15:47:00', NULL, NULL, '-3.3343281,114.5927959', '-3.3343259,114.5927948', '2025-02-10 06:27:48', '2025-02-10 06:27:48'),
(51, '0216370847', '2025-02-10', '08:04:00', '16:28:00', NULL, NULL, '-3.3343281,114.5927959', '-3.3343259,114.5927948', '2025-02-10 06:27:48', '2025-02-10 06:27:48'),
(52, '0282003589', '2024-12-02', '10:14:00', '16:32:00', NULL, NULL, '-3.3343281,114.5927959', '-3.3343259,114.5927948', '2025-02-10 06:27:48', '2025-02-10 06:27:48'),
(53, '0282003589', '2024-12-03', '09:22:00', '15:03:00', NULL, NULL, '-3.3343281,114.5927959', '-3.3343259,114.5927948', '2025-02-10 06:27:48', '2025-02-10 06:27:48'),
(54, '0282003589', '2024-12-04', '10:50:00', '15:48:00', NULL, NULL, '-3.3343281,114.5927959', '-3.3343259,114.5927948', '2025-02-10 06:27:48', '2025-02-10 06:27:48'),
(55, '0282003589', '2024-12-05', '09:05:00', '17:37:00', NULL, NULL, '-3.3343281,114.5927959', '-3.3343259,114.5927948', '2025-02-10 06:27:48', '2025-02-10 06:27:48'),
(56, '0282003589', '2024-12-06', '09:07:00', '16:26:00', NULL, NULL, '-3.3343281,114.5927959', '-3.3343259,114.5927948', '2025-02-10 06:27:48', '2025-02-10 06:27:48'),
(57, '0282003589', '2024-12-09', '09:34:00', '16:28:00', NULL, NULL, '-3.3343281,114.5927959', '-3.3343259,114.5927948', '2025-02-10 06:27:48', '2025-02-10 06:27:48'),
(58, '0282003589', '2024-12-10', '08:12:00', '17:53:00', NULL, NULL, '-3.3343281,114.5927959', '-3.3343259,114.5927948', '2025-02-10 06:27:48', '2025-02-10 06:27:48'),
(59, '0282003589', '2024-12-11', '10:34:00', '17:05:00', NULL, NULL, '-3.3343281,114.5927959', '-3.3343259,114.5927948', '2025-02-10 06:27:48', '2025-02-10 06:27:48'),
(60, '0282003589', '2024-12-12', '08:51:00', '16:20:00', NULL, NULL, '-3.3343281,114.5927959', '-3.3343259,114.5927948', '2025-02-10 06:27:48', '2025-02-10 06:27:48'),
(61, '0282003589', '2024-12-13', '10:09:00', '17:58:00', NULL, NULL, '-3.3343281,114.5927959', '-3.3343259,114.5927948', '2025-02-10 06:27:48', '2025-02-10 06:27:48'),
(62, '0282003589', '2024-12-16', '08:20:00', '17:03:00', NULL, NULL, '-3.3343281,114.5927959', '-3.3343259,114.5927948', '2025-02-10 06:27:48', '2025-02-10 06:27:48'),
(63, '0282003589', '2024-12-17', '08:00:00', '15:02:00', NULL, NULL, '-3.3343281,114.5927959', '-3.3343259,114.5927948', '2025-02-10 06:27:48', '2025-02-10 06:27:48'),
(64, '0282003589', '2024-12-18', '09:40:00', '15:47:00', NULL, NULL, '-3.3343281,114.5927959', '-3.3343259,114.5927948', '2025-02-10 06:27:48', '2025-02-10 06:27:48'),
(65, '0282003589', '2024-12-19', '10:45:00', '15:46:00', NULL, NULL, '-3.3343281,114.5927959', '-3.3343259,114.5927948', '2025-02-10 06:27:48', '2025-02-10 06:27:48'),
(66, '0282003589', '2024-12-20', '09:17:00', '16:30:00', NULL, NULL, '-3.3343281,114.5927959', '-3.3343259,114.5927948', '2025-02-10 06:27:48', '2025-02-10 06:27:48'),
(67, '0282003589', '2024-12-23', '09:33:00', '15:37:00', NULL, NULL, '-3.3343281,114.5927959', '-3.3343259,114.5927948', '2025-02-10 06:27:48', '2025-02-10 06:27:48'),
(68, '0282003589', '2024-12-24', '09:57:00', '16:45:00', NULL, NULL, '-3.3343281,114.5927959', '-3.3343259,114.5927948', '2025-02-10 06:27:48', '2025-02-10 06:27:48'),
(69, '0282003589', '2024-12-25', '09:10:00', '16:36:00', NULL, NULL, '-3.3343281,114.5927959', '-3.3343259,114.5927948', '2025-02-10 06:27:48', '2025-02-10 06:27:48'),
(70, '0282003589', '2024-12-26', '08:48:00', '16:03:00', NULL, NULL, '-3.3343281,114.5927959', '-3.3343259,114.5927948', '2025-02-10 06:27:48', '2025-02-10 06:27:48'),
(71, '0282003589', '2024-12-27', '08:16:00', '16:56:00', NULL, NULL, '-3.3343281,114.5927959', '-3.3343259,114.5927948', '2025-02-10 06:27:48', '2025-02-10 06:27:48'),
(72, '0282003589', '2024-12-30', '08:13:00', '17:34:00', NULL, NULL, '-3.3343281,114.5927959', '-3.3343259,114.5927948', '2025-02-10 06:27:48', '2025-02-10 06:27:48'),
(73, '0282003589', '2024-12-31', '09:58:00', '16:54:00', NULL, NULL, '-3.3343281,114.5927959', '-3.3343259,114.5927948', '2025-02-10 06:27:48', '2025-02-10 06:27:48'),
(74, '0282003589', '2025-01-01', '10:52:00', '16:36:00', NULL, NULL, '-3.3343281,114.5927959', '-3.3343259,114.5927948', '2025-02-10 06:27:48', '2025-02-10 06:27:48'),
(75, '0282003589', '2025-01-02', '09:00:00', '16:03:00', NULL, NULL, '-3.3343281,114.5927959', '-3.3343259,114.5927948', '2025-02-10 06:27:48', '2025-02-10 06:27:48'),
(76, '0282003589', '2025-01-03', '10:31:00', '15:57:00', NULL, NULL, '-3.3343281,114.5927959', '-3.3343259,114.5927948', '2025-02-10 06:27:48', '2025-02-10 06:27:48'),
(77, '0282003589', '2025-01-06', '09:01:00', '16:06:00', NULL, NULL, '-3.3343281,114.5927959', '-3.3343259,114.5927948', '2025-02-10 06:27:48', '2025-02-10 06:27:48'),
(78, '0282003589', '2025-01-07', '09:16:00', '15:51:00', NULL, NULL, '-3.3343281,114.5927959', '-3.3343259,114.5927948', '2025-02-10 06:27:48', '2025-02-10 06:27:48'),
(79, '0282003589', '2025-01-08', '09:44:00', '15:47:00', NULL, NULL, '-3.3343281,114.5927959', '-3.3343259,114.5927948', '2025-02-10 06:27:48', '2025-02-10 06:27:48'),
(80, '0282003589', '2025-01-09', '10:19:00', '15:32:00', NULL, NULL, '-3.3343281,114.5927959', '-3.3343259,114.5927948', '2025-02-10 06:27:48', '2025-02-10 06:27:48'),
(81, '0282003589', '2025-01-10', '09:40:00', '15:34:00', NULL, NULL, '-3.3343281,114.5927959', '-3.3343259,114.5927948', '2025-02-10 06:27:48', '2025-02-10 06:27:48'),
(82, '0282003589', '2025-01-13', '09:23:00', '17:44:00', NULL, NULL, '-3.3343281,114.5927959', '-3.3343259,114.5927948', '2025-02-10 06:27:48', '2025-02-10 06:27:48'),
(83, '0282003589', '2025-01-14', '10:01:00', '17:08:00', NULL, NULL, '-3.3343281,114.5927959', '-3.3343259,114.5927948', '2025-02-10 06:27:48', '2025-02-10 06:27:48'),
(84, '0282003589', '2025-01-15', '08:06:00', '16:56:00', NULL, NULL, '-3.3343281,114.5927959', '-3.3343259,114.5927948', '2025-02-10 06:27:48', '2025-02-10 06:27:48'),
(85, '0282003589', '2025-01-16', '09:01:00', '16:19:00', NULL, NULL, '-3.3343281,114.5927959', '-3.3343259,114.5927948', '2025-02-10 06:27:48', '2025-02-10 06:27:48'),
(86, '0282003589', '2025-01-17', '08:32:00', '16:29:00', NULL, NULL, '-3.3343281,114.5927959', '-3.3343259,114.5927948', '2025-02-10 06:27:48', '2025-02-10 06:27:48'),
(87, '0282003589', '2025-01-20', '10:27:00', '15:09:00', NULL, NULL, '-3.3343281,114.5927959', '-3.3343259,114.5927948', '2025-02-10 06:27:48', '2025-02-10 06:27:48'),
(88, '0282003589', '2025-01-21', '08:27:00', '16:08:00', NULL, NULL, '-3.3343281,114.5927959', '-3.3343259,114.5927948', '2025-02-10 06:27:48', '2025-02-10 06:27:48'),
(89, '0282003589', '2025-01-22', '09:53:00', '16:48:00', NULL, NULL, '-3.3343281,114.5927959', '-3.3343259,114.5927948', '2025-02-10 06:27:48', '2025-02-10 06:27:48'),
(90, '0282003589', '2025-01-23', '08:16:00', '17:20:00', NULL, NULL, '-3.3343281,114.5927959', '-3.3343259,114.5927948', '2025-02-10 06:27:48', '2025-02-10 06:27:48'),
(91, '0282003589', '2025-01-24', '10:48:00', '17:58:00', NULL, NULL, '-3.3343281,114.5927959', '-3.3343259,114.5927948', '2025-02-10 06:27:48', '2025-02-10 06:27:48'),
(92, '0282003589', '2025-01-27', '10:52:00', '16:56:00', NULL, NULL, '-3.3343281,114.5927959', '-3.3343259,114.5927948', '2025-02-10 06:27:48', '2025-02-10 06:27:48'),
(93, '0282003589', '2025-01-28', '10:28:00', '16:07:00', NULL, NULL, '-3.3343281,114.5927959', '-3.3343259,114.5927948', '2025-02-10 06:27:48', '2025-02-10 06:27:48'),
(94, '0282003589', '2025-01-29', '09:51:00', '17:19:00', NULL, NULL, '-3.3343281,114.5927959', '-3.3343259,114.5927948', '2025-02-10 06:27:48', '2025-02-10 06:27:48'),
(95, '0282003589', '2025-01-30', '08:03:00', '17:43:00', NULL, NULL, '-3.3343281,114.5927959', '-3.3343259,114.5927948', '2025-02-10 06:27:48', '2025-02-10 06:27:48'),
(96, '0282003589', '2025-01-31', '08:38:00', '16:21:00', NULL, NULL, '-3.3343281,114.5927959', '-3.3343259,114.5927948', '2025-02-10 06:27:48', '2025-02-10 06:27:48'),
(97, '0282003589', '2025-02-03', '08:35:00', '15:54:00', NULL, NULL, '-3.3343281,114.5927959', '-3.3343259,114.5927948', '2025-02-10 06:27:48', '2025-02-10 06:27:48'),
(98, '0282003589', '2025-02-04', '10:43:00', '17:39:00', NULL, NULL, '-3.3343281,114.5927959', '-3.3343259,114.5927948', '2025-02-10 06:27:48', '2025-02-10 06:27:48'),
(99, '0282003589', '2025-02-05', '08:50:00', '15:25:00', NULL, NULL, '-3.3343281,114.5927959', '-3.3343259,114.5927948', '2025-02-10 06:27:48', '2025-02-10 06:27:48'),
(100, '0282003589', '2025-02-06', '08:24:00', '16:50:00', NULL, NULL, '-3.3343281,114.5927959', '-3.3343259,114.5927948', '2025-02-10 06:27:49', '2025-02-10 06:27:49'),
(101, '0282003589', '2025-02-07', '09:56:00', '16:15:00', NULL, NULL, '-3.3343281,114.5927959', '-3.3343259,114.5927948', '2025-02-10 06:27:49', '2025-02-10 06:27:49'),
(102, '0282003589', '2025-02-10', '08:30:00', '16:48:00', NULL, NULL, '-3.3343281,114.5927959', '-3.3343259,114.5927948', '2025-02-10 06:27:49', '2025-02-10 06:27:49'),
(103, '196902031989031006', '2024-12-02', '10:33:00', '17:09:00', NULL, NULL, '-3.3343281,114.5927959', '-3.3343259,114.5927948', '2025-02-10 06:27:49', '2025-02-10 06:27:49'),
(104, '196902031989031006', '2024-12-03', '09:15:00', '16:29:00', NULL, NULL, '-3.3343281,114.5927959', '-3.3343259,114.5927948', '2025-02-10 06:27:49', '2025-02-10 06:27:49'),
(105, '196902031989031006', '2024-12-04', '08:51:00', '17:13:00', NULL, NULL, '-3.3343281,114.5927959', '-3.3343259,114.5927948', '2025-02-10 06:27:49', '2025-02-10 06:27:49'),
(106, '196902031989031006', '2024-12-05', '08:53:00', '16:45:00', NULL, NULL, '-3.3343281,114.5927959', '-3.3343259,114.5927948', '2025-02-10 06:27:49', '2025-02-10 06:27:49'),
(107, '196902031989031006', '2024-12-06', '10:16:00', '15:30:00', NULL, NULL, '-3.3343281,114.5927959', '-3.3343259,114.5927948', '2025-02-10 06:27:49', '2025-02-10 06:27:49'),
(108, '196902031989031006', '2024-12-09', '10:23:00', '15:41:00', NULL, NULL, '-3.3343281,114.5927959', '-3.3343259,114.5927948', '2025-02-10 06:27:49', '2025-02-10 06:27:49'),
(109, '196902031989031006', '2024-12-10', '09:01:00', '15:35:00', NULL, NULL, '-3.3343281,114.5927959', '-3.3343259,114.5927948', '2025-02-10 06:27:49', '2025-02-10 06:27:49'),
(110, '196902031989031006', '2024-12-11', '10:28:00', '17:22:00', NULL, NULL, '-3.3343281,114.5927959', '-3.3343259,114.5927948', '2025-02-10 06:27:49', '2025-02-10 06:27:49'),
(111, '196902031989031006', '2024-12-12', '08:59:00', '17:13:00', NULL, NULL, '-3.3343281,114.5927959', '-3.3343259,114.5927948', '2025-02-10 06:27:49', '2025-02-10 06:27:49'),
(112, '196902031989031006', '2024-12-13', '08:42:00', '16:32:00', NULL, NULL, '-3.3343281,114.5927959', '-3.3343259,114.5927948', '2025-02-10 06:27:49', '2025-02-10 06:27:49'),
(113, '196902031989031006', '2024-12-16', '10:02:00', '17:32:00', NULL, NULL, '-3.3343281,114.5927959', '-3.3343259,114.5927948', '2025-02-10 06:27:49', '2025-02-10 06:27:49'),
(114, '196902031989031006', '2024-12-17', '10:04:00', '15:06:00', NULL, NULL, '-3.3343281,114.5927959', '-3.3343259,114.5927948', '2025-02-10 06:27:49', '2025-02-10 06:27:49'),
(115, '196902031989031006', '2024-12-18', '10:10:00', '16:45:00', NULL, NULL, '-3.3343281,114.5927959', '-3.3343259,114.5927948', '2025-02-10 06:27:49', '2025-02-10 06:27:49'),
(116, '196902031989031006', '2024-12-19', '09:01:00', '17:58:00', NULL, NULL, '-3.3343281,114.5927959', '-3.3343259,114.5927948', '2025-02-10 06:27:49', '2025-02-10 06:27:49'),
(117, '196902031989031006', '2024-12-20', '10:55:00', '16:35:00', NULL, NULL, '-3.3343281,114.5927959', '-3.3343259,114.5927948', '2025-02-10 06:27:49', '2025-02-10 06:27:49'),
(118, '196902031989031006', '2024-12-23', '10:01:00', '16:26:00', NULL, NULL, '-3.3343281,114.5927959', '-3.3343259,114.5927948', '2025-02-10 06:27:49', '2025-02-10 06:27:49'),
(119, '196902031989031006', '2024-12-24', '08:55:00', '16:33:00', NULL, NULL, '-3.3343281,114.5927959', '-3.3343259,114.5927948', '2025-02-10 06:27:49', '2025-02-10 06:27:49'),
(120, '196902031989031006', '2024-12-25', '10:39:00', '15:06:00', NULL, NULL, '-3.3343281,114.5927959', '-3.3343259,114.5927948', '2025-02-10 06:27:49', '2025-02-10 06:27:49'),
(121, '196902031989031006', '2024-12-26', '09:47:00', '16:58:00', NULL, NULL, '-3.3343281,114.5927959', '-3.3343259,114.5927948', '2025-02-10 06:27:49', '2025-02-10 06:27:49'),
(122, '196902031989031006', '2024-12-27', '09:01:00', '16:44:00', NULL, NULL, '-3.3343281,114.5927959', '-3.3343259,114.5927948', '2025-02-10 06:27:49', '2025-02-10 06:27:49'),
(123, '196902031989031006', '2024-12-30', '10:49:00', '15:32:00', NULL, NULL, '-3.3343281,114.5927959', '-3.3343259,114.5927948', '2025-02-10 06:27:49', '2025-02-10 06:27:49'),
(124, '196902031989031006', '2024-12-31', '09:05:00', '15:09:00', NULL, NULL, '-3.3343281,114.5927959', '-3.3343259,114.5927948', '2025-02-10 06:27:49', '2025-02-10 06:27:49'),
(125, '196902031989031006', '2025-01-01', '09:01:00', '17:49:00', NULL, NULL, '-3.3343281,114.5927959', '-3.3343259,114.5927948', '2025-02-10 06:27:49', '2025-02-10 06:27:49'),
(126, '196902031989031006', '2025-01-02', '09:30:00', '17:54:00', NULL, NULL, '-3.3343281,114.5927959', '-3.3343259,114.5927948', '2025-02-10 06:27:49', '2025-02-10 06:27:49'),
(127, '196902031989031006', '2025-01-03', '08:58:00', '15:05:00', NULL, NULL, '-3.3343281,114.5927959', '-3.3343259,114.5927948', '2025-02-10 06:27:49', '2025-02-10 06:27:49'),
(128, '196902031989031006', '2025-01-06', '10:34:00', '17:57:00', NULL, NULL, '-3.3343281,114.5927959', '-3.3343259,114.5927948', '2025-02-10 06:27:49', '2025-02-10 06:27:49'),
(129, '196902031989031006', '2025-01-07', '09:43:00', '16:59:00', NULL, NULL, '-3.3343281,114.5927959', '-3.3343259,114.5927948', '2025-02-10 06:27:49', '2025-02-10 06:27:49'),
(130, '196902031989031006', '2025-01-08', '08:19:00', '16:44:00', NULL, NULL, '-3.3343281,114.5927959', '-3.3343259,114.5927948', '2025-02-10 06:27:49', '2025-02-10 06:27:49'),
(131, '196902031989031006', '2025-01-09', '08:24:00', '15:42:00', NULL, NULL, '-3.3343281,114.5927959', '-3.3343259,114.5927948', '2025-02-10 06:27:49', '2025-02-10 06:27:49'),
(132, '196902031989031006', '2025-01-10', '09:51:00', '16:02:00', NULL, NULL, '-3.3343281,114.5927959', '-3.3343259,114.5927948', '2025-02-10 06:27:49', '2025-02-10 06:27:49'),
(133, '196902031989031006', '2025-01-13', '08:05:00', '15:08:00', NULL, NULL, '-3.3343281,114.5927959', '-3.3343259,114.5927948', '2025-02-10 06:27:49', '2025-02-10 06:27:49'),
(134, '196902031989031006', '2025-01-14', '09:42:00', '17:03:00', NULL, NULL, '-3.3343281,114.5927959', '-3.3343259,114.5927948', '2025-02-10 06:27:49', '2025-02-10 06:27:49'),
(135, '196902031989031006', '2025-01-15', '10:19:00', '15:37:00', NULL, NULL, '-3.3343281,114.5927959', '-3.3343259,114.5927948', '2025-02-10 06:27:49', '2025-02-10 06:27:49'),
(136, '196902031989031006', '2025-01-16', '09:08:00', '17:58:00', NULL, NULL, '-3.3343281,114.5927959', '-3.3343259,114.5927948', '2025-02-10 06:27:49', '2025-02-10 06:27:49'),
(137, '196902031989031006', '2025-01-17', '10:07:00', '17:16:00', NULL, NULL, '-3.3343281,114.5927959', '-3.3343259,114.5927948', '2025-02-10 06:27:49', '2025-02-10 06:27:49'),
(138, '196902031989031006', '2025-01-20', '09:46:00', '17:02:00', NULL, NULL, '-3.3343281,114.5927959', '-3.3343259,114.5927948', '2025-02-10 06:27:49', '2025-02-10 06:27:49'),
(139, '196902031989031006', '2025-01-21', '09:00:00', '17:12:00', NULL, NULL, '-3.3343281,114.5927959', '-3.3343259,114.5927948', '2025-02-10 06:27:49', '2025-02-10 06:27:49'),
(140, '196902031989031006', '2025-01-22', '08:55:00', '15:24:00', NULL, NULL, '-3.3343281,114.5927959', '-3.3343259,114.5927948', '2025-02-10 06:27:49', '2025-02-10 06:27:49'),
(141, '196902031989031006', '2025-01-23', '10:03:00', '16:06:00', NULL, NULL, '-3.3343281,114.5927959', '-3.3343259,114.5927948', '2025-02-10 06:27:49', '2025-02-10 06:27:49'),
(142, '196902031989031006', '2025-01-24', '09:24:00', '17:20:00', NULL, NULL, '-3.3343281,114.5927959', '-3.3343259,114.5927948', '2025-02-10 06:27:49', '2025-02-10 06:27:49'),
(143, '196902031989031006', '2025-01-27', '09:54:00', '16:20:00', NULL, NULL, '-3.3343281,114.5927959', '-3.3343259,114.5927948', '2025-02-10 06:27:49', '2025-02-10 06:27:49'),
(144, '196902031989031006', '2025-01-28', '10:21:00', '15:51:00', NULL, NULL, '-3.3343281,114.5927959', '-3.3343259,114.5927948', '2025-02-10 06:27:49', '2025-02-10 06:27:49'),
(145, '196902031989031006', '2025-01-29', '09:25:00', '17:53:00', NULL, NULL, '-3.3343281,114.5927959', '-3.3343259,114.5927948', '2025-02-10 06:27:49', '2025-02-10 06:27:49'),
(146, '196902031989031006', '2025-01-30', '10:34:00', '16:02:00', NULL, NULL, '-3.3343281,114.5927959', '-3.3343259,114.5927948', '2025-02-10 06:27:49', '2025-02-10 06:27:49'),
(147, '196902031989031006', '2025-01-31', '08:19:00', '16:25:00', NULL, NULL, '-3.3343281,114.5927959', '-3.3343259,114.5927948', '2025-02-10 06:27:49', '2025-02-10 06:27:49'),
(148, '196902031989031006', '2025-02-03', '08:23:00', '15:18:00', NULL, NULL, '-3.3343281,114.5927959', '-3.3343259,114.5927948', '2025-02-10 06:27:49', '2025-02-10 06:27:49'),
(149, '196902031989031006', '2025-02-04', '08:36:00', '16:07:00', NULL, NULL, '-3.3343281,114.5927959', '-3.3343259,114.5927948', '2025-02-10 06:27:49', '2025-02-10 06:27:49'),
(150, '196902031989031006', '2025-02-05', '10:23:00', '15:08:00', NULL, NULL, '-3.3343281,114.5927959', '-3.3343259,114.5927948', '2025-02-10 06:27:49', '2025-02-10 06:27:49'),
(151, '196902031989031006', '2025-02-06', '10:33:00', '17:33:00', NULL, NULL, '-3.3343281,114.5927959', '-3.3343259,114.5927948', '2025-02-10 06:27:49', '2025-02-10 06:27:49'),
(152, '196902031989031006', '2025-02-07', '08:01:00', '15:49:00', NULL, NULL, '-3.3343281,114.5927959', '-3.3343259,114.5927948', '2025-02-10 06:27:49', '2025-02-10 06:27:49'),
(153, '196902031989031006', '2025-02-10', '08:38:00', '17:32:00', NULL, NULL, '-3.3343281,114.5927959', '-3.3343259,114.5927948', '2025-02-10 06:27:49', '2025-02-10 06:27:49'),
(154, '197212222000031004', '2024-12-02', '09:58:00', '17:47:00', NULL, NULL, '-3.3343281,114.5927959', '-3.3343259,114.5927948', '2025-02-10 06:27:49', '2025-02-10 06:27:49'),
(155, '197212222000031004', '2024-12-03', '10:46:00', '15:48:00', NULL, NULL, '-3.3343281,114.5927959', '-3.3343259,114.5927948', '2025-02-10 06:27:49', '2025-02-10 06:27:49'),
(156, '197212222000031004', '2024-12-04', '08:44:00', '15:09:00', NULL, NULL, '-3.3343281,114.5927959', '-3.3343259,114.5927948', '2025-02-10 06:27:49', '2025-02-10 06:27:49'),
(157, '197212222000031004', '2024-12-05', '09:45:00', '17:19:00', NULL, NULL, '-3.3343281,114.5927959', '-3.3343259,114.5927948', '2025-02-10 06:27:49', '2025-02-10 06:27:49'),
(158, '197212222000031004', '2024-12-06', '08:38:00', '15:17:00', NULL, NULL, '-3.3343281,114.5927959', '-3.3343259,114.5927948', '2025-02-10 06:27:49', '2025-02-10 06:27:49'),
(159, '197212222000031004', '2024-12-09', '08:31:00', '16:02:00', NULL, NULL, '-3.3343281,114.5927959', '-3.3343259,114.5927948', '2025-02-10 06:27:49', '2025-02-10 06:27:49'),
(160, '197212222000031004', '2024-12-10', '10:12:00', '15:54:00', NULL, NULL, '-3.3343281,114.5927959', '-3.3343259,114.5927948', '2025-02-10 06:27:49', '2025-02-10 06:27:49'),
(161, '197212222000031004', '2024-12-11', '09:49:00', '16:26:00', NULL, NULL, '-3.3343281,114.5927959', '-3.3343259,114.5927948', '2025-02-10 06:27:49', '2025-02-10 06:27:49'),
(162, '197212222000031004', '2024-12-12', '10:12:00', '17:49:00', NULL, NULL, '-3.3343281,114.5927959', '-3.3343259,114.5927948', '2025-02-10 06:27:49', '2025-02-10 06:27:49'),
(163, '197212222000031004', '2024-12-13', '09:55:00', '16:49:00', NULL, NULL, '-3.3343281,114.5927959', '-3.3343259,114.5927948', '2025-02-10 06:27:49', '2025-02-10 06:27:49'),
(164, '197212222000031004', '2024-12-16', '08:53:00', '15:16:00', NULL, NULL, '-3.3343281,114.5927959', '-3.3343259,114.5927948', '2025-02-10 06:27:49', '2025-02-10 06:27:49'),
(165, '197212222000031004', '2024-12-17', '09:27:00', '15:50:00', NULL, NULL, '-3.3343281,114.5927959', '-3.3343259,114.5927948', '2025-02-10 06:27:49', '2025-02-10 06:27:49'),
(166, '197212222000031004', '2024-12-18', '09:45:00', '17:14:00', NULL, NULL, '-3.3343281,114.5927959', '-3.3343259,114.5927948', '2025-02-10 06:27:49', '2025-02-10 06:27:49'),
(167, '197212222000031004', '2024-12-19', '08:01:00', '17:30:00', NULL, NULL, '-3.3343281,114.5927959', '-3.3343259,114.5927948', '2025-02-10 06:27:49', '2025-02-10 06:27:49'),
(168, '197212222000031004', '2024-12-20', '08:23:00', '15:42:00', NULL, NULL, '-3.3343281,114.5927959', '-3.3343259,114.5927948', '2025-02-10 06:27:49', '2025-02-10 06:27:49'),
(169, '197212222000031004', '2024-12-23', '08:03:00', '16:33:00', NULL, NULL, '-3.3343281,114.5927959', '-3.3343259,114.5927948', '2025-02-10 06:27:49', '2025-02-10 06:27:49'),
(170, '197212222000031004', '2024-12-24', '10:28:00', '16:10:00', NULL, NULL, '-3.3343281,114.5927959', '-3.3343259,114.5927948', '2025-02-10 06:27:49', '2025-02-10 06:27:49'),
(171, '197212222000031004', '2024-12-25', '10:24:00', '16:24:00', NULL, NULL, '-3.3343281,114.5927959', '-3.3343259,114.5927948', '2025-02-10 06:27:49', '2025-02-10 06:27:49'),
(172, '197212222000031004', '2024-12-26', '09:01:00', '17:56:00', NULL, NULL, '-3.3343281,114.5927959', '-3.3343259,114.5927948', '2025-02-10 06:27:49', '2025-02-10 06:27:49'),
(173, '197212222000031004', '2024-12-27', '08:05:00', '17:57:00', NULL, NULL, '-3.3343281,114.5927959', '-3.3343259,114.5927948', '2025-02-10 06:27:49', '2025-02-10 06:27:49'),
(174, '197212222000031004', '2024-12-30', '08:09:00', '16:49:00', NULL, NULL, '-3.3343281,114.5927959', '-3.3343259,114.5927948', '2025-02-10 06:27:49', '2025-02-10 06:27:49'),
(175, '197212222000031004', '2024-12-31', '10:34:00', '15:17:00', NULL, NULL, '-3.3343281,114.5927959', '-3.3343259,114.5927948', '2025-02-10 06:27:49', '2025-02-10 06:27:49'),
(176, '197212222000031004', '2025-01-01', '09:24:00', '15:11:00', NULL, NULL, '-3.3343281,114.5927959', '-3.3343259,114.5927948', '2025-02-10 06:27:49', '2025-02-10 06:27:49'),
(177, '197212222000031004', '2025-01-02', '08:22:00', '16:56:00', NULL, NULL, '-3.3343281,114.5927959', '-3.3343259,114.5927948', '2025-02-10 06:27:49', '2025-02-10 06:27:49'),
(178, '197212222000031004', '2025-01-03', '09:30:00', '15:19:00', NULL, NULL, '-3.3343281,114.5927959', '-3.3343259,114.5927948', '2025-02-10 06:27:49', '2025-02-10 06:27:49'),
(179, '197212222000031004', '2025-01-06', '08:27:00', '16:59:00', NULL, NULL, '-3.3343281,114.5927959', '-3.3343259,114.5927948', '2025-02-10 06:27:49', '2025-02-10 06:27:49'),
(180, '197212222000031004', '2025-01-07', '10:14:00', '17:45:00', NULL, NULL, '-3.3343281,114.5927959', '-3.3343259,114.5927948', '2025-02-10 06:27:49', '2025-02-10 06:27:49'),
(181, '197212222000031004', '2025-01-08', '08:39:00', '15:18:00', NULL, NULL, '-3.3343281,114.5927959', '-3.3343259,114.5927948', '2025-02-10 06:27:49', '2025-02-10 06:27:49'),
(182, '197212222000031004', '2025-01-09', '10:11:00', '15:15:00', NULL, NULL, '-3.3343281,114.5927959', '-3.3343259,114.5927948', '2025-02-10 06:27:49', '2025-02-10 06:27:49'),
(183, '197212222000031004', '2025-01-10', '10:43:00', '16:15:00', NULL, NULL, '-3.3343281,114.5927959', '-3.3343259,114.5927948', '2025-02-10 06:27:49', '2025-02-10 06:27:49'),
(184, '197212222000031004', '2025-01-13', '09:01:00', '17:52:00', NULL, NULL, '-3.3343281,114.5927959', '-3.3343259,114.5927948', '2025-02-10 06:27:49', '2025-02-10 06:27:49'),
(185, '197212222000031004', '2025-01-14', '10:56:00', '15:32:00', NULL, NULL, '-3.3343281,114.5927959', '-3.3343259,114.5927948', '2025-02-10 06:27:49', '2025-02-10 06:27:49'),
(186, '197212222000031004', '2025-01-15', '10:18:00', '17:07:00', NULL, NULL, '-3.3343281,114.5927959', '-3.3343259,114.5927948', '2025-02-10 06:27:49', '2025-02-10 06:27:49'),
(187, '197212222000031004', '2025-01-16', '08:25:00', '16:42:00', NULL, NULL, '-3.3343281,114.5927959', '-3.3343259,114.5927948', '2025-02-10 06:27:49', '2025-02-10 06:27:49'),
(188, '197212222000031004', '2025-01-17', '08:43:00', '15:37:00', NULL, NULL, '-3.3343281,114.5927959', '-3.3343259,114.5927948', '2025-02-10 06:27:49', '2025-02-10 06:27:49'),
(189, '197212222000031004', '2025-01-20', '10:05:00', '16:58:00', NULL, NULL, '-3.3343281,114.5927959', '-3.3343259,114.5927948', '2025-02-10 06:27:49', '2025-02-10 06:27:49'),
(190, '197212222000031004', '2025-01-21', '10:05:00', '15:38:00', NULL, NULL, '-3.3343281,114.5927959', '-3.3343259,114.5927948', '2025-02-10 06:27:49', '2025-02-10 06:27:49'),
(191, '197212222000031004', '2025-01-22', '09:26:00', '17:24:00', NULL, NULL, '-3.3343281,114.5927959', '-3.3343259,114.5927948', '2025-02-10 06:27:49', '2025-02-10 06:27:49'),
(192, '197212222000031004', '2025-01-23', '09:30:00', '15:04:00', NULL, NULL, '-3.3343281,114.5927959', '-3.3343259,114.5927948', '2025-02-10 06:27:49', '2025-02-10 06:27:49'),
(193, '197212222000031004', '2025-01-24', '10:47:00', '17:59:00', NULL, NULL, '-3.3343281,114.5927959', '-3.3343259,114.5927948', '2025-02-10 06:27:49', '2025-02-10 06:27:49'),
(194, '197212222000031004', '2025-01-27', '09:18:00', '17:35:00', NULL, NULL, '-3.3343281,114.5927959', '-3.3343259,114.5927948', '2025-02-10 06:27:49', '2025-02-10 06:27:49'),
(195, '197212222000031004', '2025-01-28', '08:52:00', '16:16:00', NULL, NULL, '-3.3343281,114.5927959', '-3.3343259,114.5927948', '2025-02-10 06:27:49', '2025-02-10 06:27:49'),
(196, '197212222000031004', '2025-01-29', '09:23:00', '16:31:00', NULL, NULL, '-3.3343281,114.5927959', '-3.3343259,114.5927948', '2025-02-10 06:27:49', '2025-02-10 06:27:49'),
(197, '197212222000031004', '2025-01-30', '08:35:00', '15:25:00', NULL, NULL, '-3.3343281,114.5927959', '-3.3343259,114.5927948', '2025-02-10 06:27:49', '2025-02-10 06:27:49'),
(198, '197212222000031004', '2025-01-31', '08:08:00', '15:59:00', NULL, NULL, '-3.3343281,114.5927959', '-3.3343259,114.5927948', '2025-02-10 06:27:49', '2025-02-10 06:27:49'),
(199, '197212222000031004', '2025-02-03', '08:08:00', '15:37:00', NULL, NULL, '-3.3343281,114.5927959', '-3.3343259,114.5927948', '2025-02-10 06:27:49', '2025-02-10 06:27:49'),
(200, '197212222000031004', '2025-02-04', '09:13:00', '17:15:00', NULL, NULL, '-3.3343281,114.5927959', '-3.3343259,114.5927948', '2025-02-10 06:27:49', '2025-02-10 06:27:49'),
(201, '197212222000031004', '2025-02-05', '08:50:00', '17:09:00', NULL, NULL, '-3.3343281,114.5927959', '-3.3343259,114.5927948', '2025-02-10 06:27:49', '2025-02-10 06:27:49'),
(202, '197212222000031004', '2025-02-06', '09:25:00', '16:35:00', NULL, NULL, '-3.3343281,114.5927959', '-3.3343259,114.5927948', '2025-02-10 06:27:49', '2025-02-10 06:27:49'),
(203, '197212222000031004', '2025-02-07', '09:49:00', '15:34:00', NULL, NULL, '-3.3343281,114.5927959', '-3.3343259,114.5927948', '2025-02-10 06:27:49', '2025-02-10 06:27:49'),
(204, '197212222000031004', '2025-02-10', '08:34:00', '17:52:00', NULL, NULL, '-3.3343281,114.5927959', '-3.3343259,114.5927948', '2025-02-10 06:27:49', '2025-02-10 06:27:49'),
(205, '2987557703', '2024-12-02', '10:06:00', '17:15:00', NULL, NULL, '-3.3343281,114.5927959', '-3.3343259,114.5927948', '2025-02-10 06:27:49', '2025-02-10 06:27:49'),
(206, '2987557703', '2024-12-03', '08:21:00', '17:52:00', NULL, NULL, '-3.3343281,114.5927959', '-3.3343259,114.5927948', '2025-02-10 06:27:49', '2025-02-10 06:27:49'),
(207, '2987557703', '2024-12-04', '09:35:00', '16:19:00', NULL, NULL, '-3.3343281,114.5927959', '-3.3343259,114.5927948', '2025-02-10 06:27:49', '2025-02-10 06:27:49'),
(208, '2987557703', '2024-12-05', '09:11:00', '17:06:00', NULL, NULL, '-3.3343281,114.5927959', '-3.3343259,114.5927948', '2025-02-10 06:27:49', '2025-02-10 06:27:49'),
(209, '2987557703', '2024-12-06', '09:09:00', '17:38:00', NULL, NULL, '-3.3343281,114.5927959', '-3.3343259,114.5927948', '2025-02-10 06:27:49', '2025-02-10 06:27:49'),
(210, '2987557703', '2024-12-09', '08:24:00', '16:32:00', NULL, NULL, '-3.3343281,114.5927959', '-3.3343259,114.5927948', '2025-02-10 06:27:49', '2025-02-10 06:27:49'),
(211, '2987557703', '2024-12-10', '10:47:00', '16:21:00', NULL, NULL, '-3.3343281,114.5927959', '-3.3343259,114.5927948', '2025-02-10 06:27:49', '2025-02-10 06:27:49'),
(212, '2987557703', '2024-12-11', '09:21:00', '15:07:00', NULL, NULL, '-3.3343281,114.5927959', '-3.3343259,114.5927948', '2025-02-10 06:27:49', '2025-02-10 06:27:49'),
(213, '2987557703', '2024-12-12', '08:13:00', '15:54:00', NULL, NULL, '-3.3343281,114.5927959', '-3.3343259,114.5927948', '2025-02-10 06:27:49', '2025-02-10 06:27:49'),
(214, '2987557703', '2024-12-13', '09:36:00', '15:14:00', NULL, NULL, '-3.3343281,114.5927959', '-3.3343259,114.5927948', '2025-02-10 06:27:49', '2025-02-10 06:27:49'),
(215, '2987557703', '2024-12-16', '10:08:00', '17:36:00', NULL, NULL, '-3.3343281,114.5927959', '-3.3343259,114.5927948', '2025-02-10 06:27:49', '2025-02-10 06:27:49'),
(216, '2987557703', '2024-12-17', '09:29:00', '17:14:00', NULL, NULL, '-3.3343281,114.5927959', '-3.3343259,114.5927948', '2025-02-10 06:27:49', '2025-02-10 06:27:49'),
(217, '2987557703', '2024-12-18', '09:01:00', '15:04:00', NULL, NULL, '-3.3343281,114.5927959', '-3.3343259,114.5927948', '2025-02-10 06:27:49', '2025-02-10 06:27:49'),
(218, '2987557703', '2024-12-19', '10:32:00', '15:52:00', NULL, NULL, '-3.3343281,114.5927959', '-3.3343259,114.5927948', '2025-02-10 06:27:49', '2025-02-10 06:27:49'),
(219, '2987557703', '2024-12-20', '09:06:00', '16:34:00', NULL, NULL, '-3.3343281,114.5927959', '-3.3343259,114.5927948', '2025-02-10 06:27:49', '2025-02-10 06:27:49'),
(220, '2987557703', '2024-12-23', '08:21:00', '16:55:00', NULL, NULL, '-3.3343281,114.5927959', '-3.3343259,114.5927948', '2025-02-10 06:27:49', '2025-02-10 06:27:49'),
(221, '2987557703', '2024-12-24', '09:36:00', '16:39:00', NULL, NULL, '-3.3343281,114.5927959', '-3.3343259,114.5927948', '2025-02-10 06:27:49', '2025-02-10 06:27:49'),
(222, '2987557703', '2024-12-25', '09:16:00', '16:16:00', NULL, NULL, '-3.3343281,114.5927959', '-3.3343259,114.5927948', '2025-02-10 06:27:49', '2025-02-10 06:27:49'),
(223, '2987557703', '2024-12-26', '09:27:00', '16:48:00', NULL, NULL, '-3.3343281,114.5927959', '-3.3343259,114.5927948', '2025-02-10 06:27:49', '2025-02-10 06:27:49'),
(224, '2987557703', '2024-12-27', '10:30:00', '16:04:00', NULL, NULL, '-3.3343281,114.5927959', '-3.3343259,114.5927948', '2025-02-10 06:27:49', '2025-02-10 06:27:49'),
(225, '2987557703', '2024-12-30', '08:55:00', '16:34:00', NULL, NULL, '-3.3343281,114.5927959', '-3.3343259,114.5927948', '2025-02-10 06:27:49', '2025-02-10 06:27:49'),
(226, '2987557703', '2024-12-31', '09:12:00', '15:16:00', NULL, NULL, '-3.3343281,114.5927959', '-3.3343259,114.5927948', '2025-02-10 06:27:49', '2025-02-10 06:27:49'),
(227, '2987557703', '2025-01-01', '09:04:00', '16:35:00', NULL, NULL, '-3.3343281,114.5927959', '-3.3343259,114.5927948', '2025-02-10 06:27:49', '2025-02-10 06:27:49'),
(228, '2987557703', '2025-01-02', '09:26:00', '16:51:00', NULL, NULL, '-3.3343281,114.5927959', '-3.3343259,114.5927948', '2025-02-10 06:27:49', '2025-02-10 06:27:49'),
(229, '2987557703', '2025-01-03', '10:41:00', '15:07:00', NULL, NULL, '-3.3343281,114.5927959', '-3.3343259,114.5927948', '2025-02-10 06:27:49', '2025-02-10 06:27:49'),
(230, '2987557703', '2025-01-06', '10:30:00', '16:38:00', NULL, NULL, '-3.3343281,114.5927959', '-3.3343259,114.5927948', '2025-02-10 06:27:49', '2025-02-10 06:27:49'),
(231, '2987557703', '2025-01-07', '09:15:00', '16:22:00', NULL, NULL, '-3.3343281,114.5927959', '-3.3343259,114.5927948', '2025-02-10 06:27:49', '2025-02-10 06:27:49'),
(232, '2987557703', '2025-01-08', '10:16:00', '17:42:00', NULL, NULL, '-3.3343281,114.5927959', '-3.3343259,114.5927948', '2025-02-10 06:27:49', '2025-02-10 06:27:49'),
(233, '2987557703', '2025-01-09', '08:10:00', '15:32:00', NULL, NULL, '-3.3343281,114.5927959', '-3.3343259,114.5927948', '2025-02-10 06:27:49', '2025-02-10 06:27:49'),
(234, '2987557703', '2025-01-10', '09:56:00', '17:35:00', NULL, NULL, '-3.3343281,114.5927959', '-3.3343259,114.5927948', '2025-02-10 06:27:49', '2025-02-10 06:27:49'),
(235, '2987557703', '2025-01-13', '09:49:00', '17:46:00', NULL, NULL, '-3.3343281,114.5927959', '-3.3343259,114.5927948', '2025-02-10 06:27:49', '2025-02-10 06:27:49'),
(236, '2987557703', '2025-01-14', '09:40:00', '17:09:00', NULL, NULL, '-3.3343281,114.5927959', '-3.3343259,114.5927948', '2025-02-10 06:27:49', '2025-02-10 06:27:49'),
(237, '2987557703', '2025-01-15', '08:21:00', '15:16:00', NULL, NULL, '-3.3343281,114.5927959', '-3.3343259,114.5927948', '2025-02-10 06:27:49', '2025-02-10 06:27:49'),
(238, '2987557703', '2025-01-16', '08:24:00', '17:14:00', NULL, NULL, '-3.3343281,114.5927959', '-3.3343259,114.5927948', '2025-02-10 06:27:49', '2025-02-10 06:27:49'),
(239, '2987557703', '2025-01-17', '09:44:00', '15:49:00', NULL, NULL, '-3.3343281,114.5927959', '-3.3343259,114.5927948', '2025-02-10 06:27:49', '2025-02-10 06:27:49'),
(240, '2987557703', '2025-01-20', '10:58:00', '15:02:00', NULL, NULL, '-3.3343281,114.5927959', '-3.3343259,114.5927948', '2025-02-10 06:27:49', '2025-02-10 06:27:49'),
(241, '2987557703', '2025-01-21', '10:59:00', '16:19:00', NULL, NULL, '-3.3343281,114.5927959', '-3.3343259,114.5927948', '2025-02-10 06:27:49', '2025-02-10 06:27:49'),
(242, '2987557703', '2025-01-22', '09:24:00', '16:37:00', NULL, NULL, '-3.3343281,114.5927959', '-3.3343259,114.5927948', '2025-02-10 06:27:49', '2025-02-10 06:27:49'),
(243, '2987557703', '2025-01-23', '08:41:00', '15:16:00', NULL, NULL, '-3.3343281,114.5927959', '-3.3343259,114.5927948', '2025-02-10 06:27:49', '2025-02-10 06:27:49'),
(244, '2987557703', '2025-01-24', '08:52:00', '16:25:00', NULL, NULL, '-3.3343281,114.5927959', '-3.3343259,114.5927948', '2025-02-10 06:27:49', '2025-02-10 06:27:49'),
(245, '2987557703', '2025-01-27', '08:28:00', '17:32:00', NULL, NULL, '-3.3343281,114.5927959', '-3.3343259,114.5927948', '2025-02-10 06:27:49', '2025-02-10 06:27:49'),
(246, '2987557703', '2025-01-28', '08:32:00', '15:50:00', NULL, NULL, '-3.3343281,114.5927959', '-3.3343259,114.5927948', '2025-02-10 06:27:49', '2025-02-10 06:27:49'),
(247, '2987557703', '2025-01-29', '08:06:00', '16:04:00', NULL, NULL, '-3.3343281,114.5927959', '-3.3343259,114.5927948', '2025-02-10 06:27:49', '2025-02-10 06:27:49'),
(248, '2987557703', '2025-01-30', '10:46:00', '15:28:00', NULL, NULL, '-3.3343281,114.5927959', '-3.3343259,114.5927948', '2025-02-10 06:27:49', '2025-02-10 06:27:49'),
(249, '2987557703', '2025-01-31', '10:11:00', '15:32:00', NULL, NULL, '-3.3343281,114.5927959', '-3.3343259,114.5927948', '2025-02-10 06:27:49', '2025-02-10 06:27:49'),
(250, '2987557703', '2025-02-03', '09:27:00', '17:29:00', NULL, NULL, '-3.3343281,114.5927959', '-3.3343259,114.5927948', '2025-02-10 06:27:49', '2025-02-10 06:27:49'),
(251, '2987557703', '2025-02-04', '09:34:00', '17:21:00', NULL, NULL, '-3.3343281,114.5927959', '-3.3343259,114.5927948', '2025-02-10 06:27:49', '2025-02-10 06:27:49'),
(252, '2987557703', '2025-02-05', '09:31:00', '16:50:00', NULL, NULL, '-3.3343281,114.5927959', '-3.3343259,114.5927948', '2025-02-10 06:27:49', '2025-02-10 06:27:49'),
(253, '2987557703', '2025-02-06', '09:46:00', '15:04:00', NULL, NULL, '-3.3343281,114.5927959', '-3.3343259,114.5927948', '2025-02-10 06:27:49', '2025-02-10 06:27:49'),
(254, '2987557703', '2025-02-07', '10:55:00', '17:21:00', NULL, NULL, '-3.3343281,114.5927959', '-3.3343259,114.5927948', '2025-02-10 06:27:49', '2025-02-10 06:27:49'),
(255, '2987557703', '2025-02-10', '09:55:00', '15:55:00', NULL, NULL, '-3.3343281,114.5927959', '-3.3343259,114.5927948', '2025-02-10 06:27:49', '2025-02-10 06:27:49'),
(256, '3264278004', '2024-12-02', '08:13:00', '15:16:00', NULL, NULL, '-3.3343281,114.5927959', '-3.3343259,114.5927948', '2025-02-10 06:27:49', '2025-02-10 06:27:49'),
(257, '3264278004', '2024-12-03', '09:05:00', '15:30:00', NULL, NULL, '-3.3343281,114.5927959', '-3.3343259,114.5927948', '2025-02-10 06:27:49', '2025-02-10 06:27:49'),
(258, '3264278004', '2024-12-04', '09:24:00', '16:16:00', NULL, NULL, '-3.3343281,114.5927959', '-3.3343259,114.5927948', '2025-02-10 06:27:49', '2025-02-10 06:27:49'),
(259, '3264278004', '2024-12-05', '09:37:00', '15:39:00', NULL, NULL, '-3.3343281,114.5927959', '-3.3343259,114.5927948', '2025-02-10 06:27:49', '2025-02-10 06:27:49'),
(260, '3264278004', '2024-12-06', '09:05:00', '15:38:00', NULL, NULL, '-3.3343281,114.5927959', '-3.3343259,114.5927948', '2025-02-10 06:27:49', '2025-02-10 06:27:49'),
(261, '3264278004', '2024-12-09', '10:41:00', '16:27:00', NULL, NULL, '-3.3343281,114.5927959', '-3.3343259,114.5927948', '2025-02-10 06:27:49', '2025-02-10 06:27:49'),
(262, '3264278004', '2024-12-10', '08:41:00', '17:18:00', NULL, NULL, '-3.3343281,114.5927959', '-3.3343259,114.5927948', '2025-02-10 06:27:49', '2025-02-10 06:27:49'),
(263, '3264278004', '2024-12-11', '08:52:00', '15:02:00', NULL, NULL, '-3.3343281,114.5927959', '-3.3343259,114.5927948', '2025-02-10 06:27:49', '2025-02-10 06:27:49'),
(264, '3264278004', '2024-12-12', '09:15:00', '16:07:00', NULL, NULL, '-3.3343281,114.5927959', '-3.3343259,114.5927948', '2025-02-10 06:27:49', '2025-02-10 06:27:49'),
(265, '3264278004', '2024-12-13', '08:55:00', '17:00:00', NULL, NULL, '-3.3343281,114.5927959', '-3.3343259,114.5927948', '2025-02-10 06:27:49', '2025-02-10 06:27:49'),
(266, '3264278004', '2024-12-16', '10:01:00', '15:48:00', NULL, NULL, '-3.3343281,114.5927959', '-3.3343259,114.5927948', '2025-02-10 06:27:49', '2025-02-10 06:27:49'),
(267, '3264278004', '2024-12-17', '08:12:00', '16:58:00', NULL, NULL, '-3.3343281,114.5927959', '-3.3343259,114.5927948', '2025-02-10 06:27:49', '2025-02-10 06:27:49'),
(268, '3264278004', '2024-12-18', '09:54:00', '15:49:00', NULL, NULL, '-3.3343281,114.5927959', '-3.3343259,114.5927948', '2025-02-10 06:27:49', '2025-02-10 06:27:49'),
(269, '3264278004', '2024-12-19', '09:50:00', '15:19:00', NULL, NULL, '-3.3343281,114.5927959', '-3.3343259,114.5927948', '2025-02-10 06:27:49', '2025-02-10 06:27:49'),
(270, '3264278004', '2024-12-20', '09:29:00', '17:07:00', NULL, NULL, '-3.3343281,114.5927959', '-3.3343259,114.5927948', '2025-02-10 06:27:49', '2025-02-10 06:27:49'),
(271, '3264278004', '2024-12-23', '10:23:00', '15:08:00', NULL, NULL, '-3.3343281,114.5927959', '-3.3343259,114.5927948', '2025-02-10 06:27:49', '2025-02-10 06:27:49'),
(272, '3264278004', '2024-12-24', '09:50:00', '16:29:00', NULL, NULL, '-3.3343281,114.5927959', '-3.3343259,114.5927948', '2025-02-10 06:27:49', '2025-02-10 06:27:49'),
(273, '3264278004', '2024-12-25', '09:45:00', '15:57:00', NULL, NULL, '-3.3343281,114.5927959', '-3.3343259,114.5927948', '2025-02-10 06:27:49', '2025-02-10 06:27:49'),
(274, '3264278004', '2024-12-26', '10:23:00', '15:31:00', NULL, NULL, '-3.3343281,114.5927959', '-3.3343259,114.5927948', '2025-02-10 06:27:49', '2025-02-10 06:27:49'),
(275, '3264278004', '2024-12-27', '09:04:00', '15:02:00', NULL, NULL, '-3.3343281,114.5927959', '-3.3343259,114.5927948', '2025-02-10 06:27:49', '2025-02-10 06:27:49'),
(276, '3264278004', '2024-12-30', '09:03:00', '17:41:00', NULL, NULL, '-3.3343281,114.5927959', '-3.3343259,114.5927948', '2025-02-10 06:27:49', '2025-02-10 06:27:49'),
(277, '3264278004', '2024-12-31', '10:53:00', '15:07:00', NULL, NULL, '-3.3343281,114.5927959', '-3.3343259,114.5927948', '2025-02-10 06:27:49', '2025-02-10 06:27:49'),
(278, '3264278004', '2025-01-01', '10:10:00', '15:45:00', NULL, NULL, '-3.3343281,114.5927959', '-3.3343259,114.5927948', '2025-02-10 06:27:49', '2025-02-10 06:27:49'),
(279, '3264278004', '2025-01-02', '10:57:00', '17:07:00', NULL, NULL, '-3.3343281,114.5927959', '-3.3343259,114.5927948', '2025-02-10 06:27:49', '2025-02-10 06:27:49'),
(280, '3264278004', '2025-01-03', '09:07:00', '17:59:00', NULL, NULL, '-3.3343281,114.5927959', '-3.3343259,114.5927948', '2025-02-10 06:27:49', '2025-02-10 06:27:49'),
(281, '3264278004', '2025-01-06', '10:51:00', '15:51:00', NULL, NULL, '-3.3343281,114.5927959', '-3.3343259,114.5927948', '2025-02-10 06:27:49', '2025-02-10 06:27:49'),
(282, '3264278004', '2025-01-07', '09:12:00', '17:53:00', NULL, NULL, '-3.3343281,114.5927959', '-3.3343259,114.5927948', '2025-02-10 06:27:49', '2025-02-10 06:27:49'),
(283, '3264278004', '2025-01-08', '08:01:00', '16:22:00', NULL, NULL, '-3.3343281,114.5927959', '-3.3343259,114.5927948', '2025-02-10 06:27:49', '2025-02-10 06:27:49'),
(284, '3264278004', '2025-01-09', '10:48:00', '15:35:00', NULL, NULL, '-3.3343281,114.5927959', '-3.3343259,114.5927948', '2025-02-10 06:27:49', '2025-02-10 06:27:49'),
(285, '3264278004', '2025-01-10', '08:02:00', '16:58:00', NULL, NULL, '-3.3343281,114.5927959', '-3.3343259,114.5927948', '2025-02-10 06:27:50', '2025-02-10 06:27:50'),
(286, '3264278004', '2025-01-13', '09:30:00', '15:00:00', NULL, NULL, '-3.3343281,114.5927959', '-3.3343259,114.5927948', '2025-02-10 06:27:50', '2025-02-10 06:27:50'),
(287, '3264278004', '2025-01-14', '10:43:00', '17:22:00', NULL, NULL, '-3.3343281,114.5927959', '-3.3343259,114.5927948', '2025-02-10 06:27:50', '2025-02-10 06:27:50'),
(288, '3264278004', '2025-01-15', '08:37:00', '15:06:00', NULL, NULL, '-3.3343281,114.5927959', '-3.3343259,114.5927948', '2025-02-10 06:27:50', '2025-02-10 06:27:50'),
(289, '3264278004', '2025-01-16', '09:17:00', '15:17:00', NULL, NULL, '-3.3343281,114.5927959', '-3.3343259,114.5927948', '2025-02-10 06:27:50', '2025-02-10 06:27:50'),
(290, '3264278004', '2025-01-17', '08:14:00', '17:46:00', NULL, NULL, '-3.3343281,114.5927959', '-3.3343259,114.5927948', '2025-02-10 06:27:50', '2025-02-10 06:27:50'),
(291, '3264278004', '2025-01-20', '10:29:00', '16:31:00', NULL, NULL, '-3.3343281,114.5927959', '-3.3343259,114.5927948', '2025-02-10 06:27:50', '2025-02-10 06:27:50'),
(292, '3264278004', '2025-01-21', '09:34:00', '16:49:00', NULL, NULL, '-3.3343281,114.5927959', '-3.3343259,114.5927948', '2025-02-10 06:27:50', '2025-02-10 06:27:50'),
(293, '3264278004', '2025-01-22', '09:53:00', '17:21:00', NULL, NULL, '-3.3343281,114.5927959', '-3.3343259,114.5927948', '2025-02-10 06:27:50', '2025-02-10 06:27:50'),
(294, '3264278004', '2025-01-23', '08:29:00', '16:58:00', NULL, NULL, '-3.3343281,114.5927959', '-3.3343259,114.5927948', '2025-02-10 06:27:50', '2025-02-10 06:27:50');
INSERT INTO `presensi` (`id`, `pegawai_id`, `tgl_presensi`, `jam_in`, `jam_out`, `foto_in`, `foto_out`, `lokasi_in`, `lokasi_out`, `created_at`, `updated_at`) VALUES
(295, '3264278004', '2025-01-24', '10:49:00', '17:51:00', NULL, NULL, '-3.3343281,114.5927959', '-3.3343259,114.5927948', '2025-02-10 06:27:50', '2025-02-10 06:27:50'),
(296, '3264278004', '2025-01-27', '09:53:00', '16:17:00', NULL, NULL, '-3.3343281,114.5927959', '-3.3343259,114.5927948', '2025-02-10 06:27:50', '2025-02-10 06:27:50'),
(297, '3264278004', '2025-01-28', '10:00:00', '16:03:00', NULL, NULL, '-3.3343281,114.5927959', '-3.3343259,114.5927948', '2025-02-10 06:27:50', '2025-02-10 06:27:50'),
(298, '3264278004', '2025-01-29', '08:26:00', '15:54:00', NULL, NULL, '-3.3343281,114.5927959', '-3.3343259,114.5927948', '2025-02-10 06:27:50', '2025-02-10 06:27:50'),
(299, '3264278004', '2025-01-30', '08:33:00', '15:46:00', NULL, NULL, '-3.3343281,114.5927959', '-3.3343259,114.5927948', '2025-02-10 06:27:50', '2025-02-10 06:27:50'),
(300, '3264278004', '2025-01-31', '08:15:00', '17:47:00', NULL, NULL, '-3.3343281,114.5927959', '-3.3343259,114.5927948', '2025-02-10 06:27:50', '2025-02-10 06:27:50'),
(301, '3264278004', '2025-02-03', '10:09:00', '15:39:00', NULL, NULL, '-3.3343281,114.5927959', '-3.3343259,114.5927948', '2025-02-10 06:27:50', '2025-02-10 06:27:50'),
(302, '3264278004', '2025-02-04', '08:09:00', '15:48:00', NULL, NULL, '-3.3343281,114.5927959', '-3.3343259,114.5927948', '2025-02-10 06:27:50', '2025-02-10 06:27:50'),
(303, '3264278004', '2025-02-05', '09:22:00', '17:09:00', NULL, NULL, '-3.3343281,114.5927959', '-3.3343259,114.5927948', '2025-02-10 06:27:50', '2025-02-10 06:27:50'),
(304, '3264278004', '2025-02-06', '10:35:00', '17:15:00', NULL, NULL, '-3.3343281,114.5927959', '-3.3343259,114.5927948', '2025-02-10 06:27:50', '2025-02-10 06:27:50'),
(305, '3264278004', '2025-02-07', '10:29:00', '17:26:00', NULL, NULL, '-3.3343281,114.5927959', '-3.3343259,114.5927948', '2025-02-10 06:27:50', '2025-02-10 06:27:50'),
(306, '3264278004', '2025-02-10', '10:26:00', '16:07:00', NULL, NULL, '-3.3343281,114.5927959', '-3.3343259,114.5927948', '2025-02-10 06:27:50', '2025-02-10 06:27:50'),
(307, '4153918741', '2024-12-02', '08:03:00', '16:18:00', NULL, NULL, '-3.3343281,114.5927959', '-3.3343259,114.5927948', '2025-02-10 06:27:50', '2025-02-10 06:27:50'),
(308, '4153918741', '2024-12-03', '09:16:00', '15:57:00', NULL, NULL, '-3.3343281,114.5927959', '-3.3343259,114.5927948', '2025-02-10 06:27:50', '2025-02-10 06:27:50'),
(309, '4153918741', '2024-12-04', '08:08:00', '16:01:00', NULL, NULL, '-3.3343281,114.5927959', '-3.3343259,114.5927948', '2025-02-10 06:27:50', '2025-02-10 06:27:50'),
(310, '4153918741', '2024-12-05', '09:51:00', '16:17:00', NULL, NULL, '-3.3343281,114.5927959', '-3.3343259,114.5927948', '2025-02-10 06:27:50', '2025-02-10 06:27:50'),
(311, '4153918741', '2024-12-06', '09:44:00', '17:06:00', NULL, NULL, '-3.3343281,114.5927959', '-3.3343259,114.5927948', '2025-02-10 06:27:50', '2025-02-10 06:27:50'),
(312, '4153918741', '2024-12-09', '08:51:00', '15:17:00', NULL, NULL, '-3.3343281,114.5927959', '-3.3343259,114.5927948', '2025-02-10 06:27:50', '2025-02-10 06:27:50'),
(313, '4153918741', '2024-12-10', '09:54:00', '17:25:00', NULL, NULL, '-3.3343281,114.5927959', '-3.3343259,114.5927948', '2025-02-10 06:27:50', '2025-02-10 06:27:50'),
(314, '4153918741', '2024-12-11', '08:34:00', '15:42:00', NULL, NULL, '-3.3343281,114.5927959', '-3.3343259,114.5927948', '2025-02-10 06:27:50', '2025-02-10 06:27:50'),
(315, '4153918741', '2024-12-12', '08:06:00', '17:34:00', NULL, NULL, '-3.3343281,114.5927959', '-3.3343259,114.5927948', '2025-02-10 06:27:50', '2025-02-10 06:27:50'),
(316, '4153918741', '2024-12-13', '10:27:00', '17:53:00', NULL, NULL, '-3.3343281,114.5927959', '-3.3343259,114.5927948', '2025-02-10 06:27:50', '2025-02-10 06:27:50'),
(317, '4153918741', '2024-12-16', '10:37:00', '15:07:00', NULL, NULL, '-3.3343281,114.5927959', '-3.3343259,114.5927948', '2025-02-10 06:27:50', '2025-02-10 06:27:50'),
(318, '4153918741', '2024-12-17', '08:39:00', '15:54:00', NULL, NULL, '-3.3343281,114.5927959', '-3.3343259,114.5927948', '2025-02-10 06:27:50', '2025-02-10 06:27:50'),
(319, '4153918741', '2024-12-18', '10:53:00', '15:09:00', NULL, NULL, '-3.3343281,114.5927959', '-3.3343259,114.5927948', '2025-02-10 06:27:50', '2025-02-10 06:27:50'),
(320, '4153918741', '2024-12-19', '09:05:00', '16:29:00', NULL, NULL, '-3.3343281,114.5927959', '-3.3343259,114.5927948', '2025-02-10 06:27:50', '2025-02-10 06:27:50'),
(321, '4153918741', '2024-12-20', '09:53:00', '16:07:00', NULL, NULL, '-3.3343281,114.5927959', '-3.3343259,114.5927948', '2025-02-10 06:27:50', '2025-02-10 06:27:50'),
(322, '4153918741', '2024-12-23', '08:07:00', '17:43:00', NULL, NULL, '-3.3343281,114.5927959', '-3.3343259,114.5927948', '2025-02-10 06:27:50', '2025-02-10 06:27:50'),
(323, '4153918741', '2024-12-24', '09:35:00', '16:50:00', NULL, NULL, '-3.3343281,114.5927959', '-3.3343259,114.5927948', '2025-02-10 06:27:50', '2025-02-10 06:27:50'),
(324, '4153918741', '2024-12-25', '08:41:00', '16:01:00', NULL, NULL, '-3.3343281,114.5927959', '-3.3343259,114.5927948', '2025-02-10 06:27:50', '2025-02-10 06:27:50'),
(325, '4153918741', '2024-12-26', '10:53:00', '15:50:00', NULL, NULL, '-3.3343281,114.5927959', '-3.3343259,114.5927948', '2025-02-10 06:27:50', '2025-02-10 06:27:50'),
(326, '4153918741', '2024-12-27', '08:29:00', '16:53:00', NULL, NULL, '-3.3343281,114.5927959', '-3.3343259,114.5927948', '2025-02-10 06:27:50', '2025-02-10 06:27:50'),
(327, '4153918741', '2024-12-30', '10:08:00', '15:29:00', NULL, NULL, '-3.3343281,114.5927959', '-3.3343259,114.5927948', '2025-02-10 06:27:50', '2025-02-10 06:27:50'),
(328, '4153918741', '2024-12-31', '09:31:00', '17:07:00', NULL, NULL, '-3.3343281,114.5927959', '-3.3343259,114.5927948', '2025-02-10 06:27:50', '2025-02-10 06:27:50'),
(329, '4153918741', '2025-01-01', '09:37:00', '15:25:00', NULL, NULL, '-3.3343281,114.5927959', '-3.3343259,114.5927948', '2025-02-10 06:27:50', '2025-02-10 06:27:50'),
(330, '4153918741', '2025-01-02', '08:09:00', '17:30:00', NULL, NULL, '-3.3343281,114.5927959', '-3.3343259,114.5927948', '2025-02-10 06:27:50', '2025-02-10 06:27:50'),
(331, '4153918741', '2025-01-03', '08:54:00', '15:01:00', NULL, NULL, '-3.3343281,114.5927959', '-3.3343259,114.5927948', '2025-02-10 06:27:50', '2025-02-10 06:27:50'),
(332, '4153918741', '2025-01-06', '10:07:00', '16:11:00', NULL, NULL, '-3.3343281,114.5927959', '-3.3343259,114.5927948', '2025-02-10 06:27:50', '2025-02-10 06:27:50'),
(333, '4153918741', '2025-01-07', '08:38:00', '17:07:00', NULL, NULL, '-3.3343281,114.5927959', '-3.3343259,114.5927948', '2025-02-10 06:27:50', '2025-02-10 06:27:50'),
(334, '4153918741', '2025-01-08', '09:31:00', '16:06:00', NULL, NULL, '-3.3343281,114.5927959', '-3.3343259,114.5927948', '2025-02-10 06:27:50', '2025-02-10 06:27:50'),
(335, '4153918741', '2025-01-09', '10:04:00', '16:06:00', NULL, NULL, '-3.3343281,114.5927959', '-3.3343259,114.5927948', '2025-02-10 06:27:50', '2025-02-10 06:27:50'),
(336, '4153918741', '2025-01-10', '10:56:00', '17:52:00', NULL, NULL, '-3.3343281,114.5927959', '-3.3343259,114.5927948', '2025-02-10 06:27:50', '2025-02-10 06:27:50'),
(337, '4153918741', '2025-01-13', '08:31:00', '17:01:00', NULL, NULL, '-3.3343281,114.5927959', '-3.3343259,114.5927948', '2025-02-10 06:27:50', '2025-02-10 06:27:50'),
(338, '4153918741', '2025-01-14', '10:19:00', '16:45:00', NULL, NULL, '-3.3343281,114.5927959', '-3.3343259,114.5927948', '2025-02-10 06:27:50', '2025-02-10 06:27:50'),
(339, '4153918741', '2025-01-15', '10:42:00', '16:05:00', NULL, NULL, '-3.3343281,114.5927959', '-3.3343259,114.5927948', '2025-02-10 06:27:50', '2025-02-10 06:27:50'),
(340, '4153918741', '2025-01-16', '08:05:00', '16:34:00', NULL, NULL, '-3.3343281,114.5927959', '-3.3343259,114.5927948', '2025-02-10 06:27:50', '2025-02-10 06:27:50'),
(341, '4153918741', '2025-01-17', '09:10:00', '17:52:00', NULL, NULL, '-3.3343281,114.5927959', '-3.3343259,114.5927948', '2025-02-10 06:27:50', '2025-02-10 06:27:50'),
(342, '4153918741', '2025-01-20', '09:50:00', '16:42:00', NULL, NULL, '-3.3343281,114.5927959', '-3.3343259,114.5927948', '2025-02-10 06:27:50', '2025-02-10 06:27:50'),
(343, '4153918741', '2025-01-21', '10:40:00', '15:16:00', NULL, NULL, '-3.3343281,114.5927959', '-3.3343259,114.5927948', '2025-02-10 06:27:50', '2025-02-10 06:27:50'),
(344, '4153918741', '2025-01-22', '10:38:00', '15:17:00', NULL, NULL, '-3.3343281,114.5927959', '-3.3343259,114.5927948', '2025-02-10 06:27:50', '2025-02-10 06:27:50'),
(345, '4153918741', '2025-01-23', '10:18:00', '17:44:00', NULL, NULL, '-3.3343281,114.5927959', '-3.3343259,114.5927948', '2025-02-10 06:27:50', '2025-02-10 06:27:50'),
(346, '4153918741', '2025-01-24', '09:54:00', '15:31:00', NULL, NULL, '-3.3343281,114.5927959', '-3.3343259,114.5927948', '2025-02-10 06:27:50', '2025-02-10 06:27:50'),
(347, '4153918741', '2025-01-27', '09:37:00', '15:26:00', NULL, NULL, '-3.3343281,114.5927959', '-3.3343259,114.5927948', '2025-02-10 06:27:50', '2025-02-10 06:27:50'),
(348, '4153918741', '2025-01-28', '10:10:00', '15:13:00', NULL, NULL, '-3.3343281,114.5927959', '-3.3343259,114.5927948', '2025-02-10 06:27:50', '2025-02-10 06:27:50'),
(349, '4153918741', '2025-01-29', '09:10:00', '17:56:00', NULL, NULL, '-3.3343281,114.5927959', '-3.3343259,114.5927948', '2025-02-10 06:27:50', '2025-02-10 06:27:50'),
(350, '4153918741', '2025-01-30', '10:44:00', '15:37:00', NULL, NULL, '-3.3343281,114.5927959', '-3.3343259,114.5927948', '2025-02-10 06:27:50', '2025-02-10 06:27:50'),
(351, '4153918741', '2025-01-31', '10:26:00', '17:54:00', NULL, NULL, '-3.3343281,114.5927959', '-3.3343259,114.5927948', '2025-02-10 06:27:50', '2025-02-10 06:27:50'),
(352, '4153918741', '2025-02-03', '08:56:00', '17:13:00', NULL, NULL, '-3.3343281,114.5927959', '-3.3343259,114.5927948', '2025-02-10 06:27:50', '2025-02-10 06:27:50'),
(353, '4153918741', '2025-02-04', '09:28:00', '16:21:00', NULL, NULL, '-3.3343281,114.5927959', '-3.3343259,114.5927948', '2025-02-10 06:27:50', '2025-02-10 06:27:50'),
(354, '4153918741', '2025-02-05', '08:57:00', '17:56:00', NULL, NULL, '-3.3343281,114.5927959', '-3.3343259,114.5927948', '2025-02-10 06:27:50', '2025-02-10 06:27:50'),
(355, '4153918741', '2025-02-06', '09:37:00', '16:07:00', NULL, NULL, '-3.3343281,114.5927959', '-3.3343259,114.5927948', '2025-02-10 06:27:50', '2025-02-10 06:27:50'),
(356, '4153918741', '2025-02-07', '08:29:00', '15:12:00', NULL, NULL, '-3.3343281,114.5927959', '-3.3343259,114.5927948', '2025-02-10 06:27:50', '2025-02-10 06:27:50'),
(357, '4153918741', '2025-02-10', '10:07:00', '16:17:00', NULL, NULL, '-3.3343281,114.5927959', '-3.3343259,114.5927948', '2025-02-10 06:27:50', '2025-02-10 06:27:50'),
(358, '4289504371', '2024-12-02', '10:37:00', '17:06:00', NULL, NULL, '-3.3343281,114.5927959', '-3.3343259,114.5927948', '2025-02-10 06:27:50', '2025-02-10 06:27:50'),
(359, '4289504371', '2024-12-03', '09:47:00', '17:51:00', NULL, NULL, '-3.3343281,114.5927959', '-3.3343259,114.5927948', '2025-02-10 06:27:50', '2025-02-10 06:27:50'),
(360, '4289504371', '2024-12-04', '10:29:00', '16:23:00', NULL, NULL, '-3.3343281,114.5927959', '-3.3343259,114.5927948', '2025-02-10 06:27:50', '2025-02-10 06:27:50'),
(361, '4289504371', '2024-12-05', '08:26:00', '16:36:00', NULL, NULL, '-3.3343281,114.5927959', '-3.3343259,114.5927948', '2025-02-10 06:27:50', '2025-02-10 06:27:50'),
(362, '4289504371', '2024-12-06', '10:39:00', '15:14:00', NULL, NULL, '-3.3343281,114.5927959', '-3.3343259,114.5927948', '2025-02-10 06:27:50', '2025-02-10 06:27:50'),
(363, '4289504371', '2024-12-09', '10:12:00', '16:35:00', NULL, NULL, '-3.3343281,114.5927959', '-3.3343259,114.5927948', '2025-02-10 06:27:50', '2025-02-10 06:27:50'),
(364, '4289504371', '2024-12-10', '10:29:00', '16:10:00', NULL, NULL, '-3.3343281,114.5927959', '-3.3343259,114.5927948', '2025-02-10 06:27:50', '2025-02-10 06:27:50'),
(365, '4289504371', '2024-12-11', '08:35:00', '16:08:00', NULL, NULL, '-3.3343281,114.5927959', '-3.3343259,114.5927948', '2025-02-10 06:27:50', '2025-02-10 06:27:50'),
(366, '4289504371', '2024-12-12', '08:44:00', '15:37:00', NULL, NULL, '-3.3343281,114.5927959', '-3.3343259,114.5927948', '2025-02-10 06:27:50', '2025-02-10 06:27:50'),
(367, '4289504371', '2024-12-13', '09:37:00', '16:34:00', NULL, NULL, '-3.3343281,114.5927959', '-3.3343259,114.5927948', '2025-02-10 06:27:50', '2025-02-10 06:27:50'),
(368, '4289504371', '2024-12-16', '10:13:00', '16:41:00', NULL, NULL, '-3.3343281,114.5927959', '-3.3343259,114.5927948', '2025-02-10 06:27:50', '2025-02-10 06:27:50'),
(369, '4289504371', '2024-12-17', '09:47:00', '15:34:00', NULL, NULL, '-3.3343281,114.5927959', '-3.3343259,114.5927948', '2025-02-10 06:27:50', '2025-02-10 06:27:50'),
(370, '4289504371', '2024-12-18', '10:20:00', '16:09:00', NULL, NULL, '-3.3343281,114.5927959', '-3.3343259,114.5927948', '2025-02-10 06:27:50', '2025-02-10 06:27:50'),
(371, '4289504371', '2024-12-19', '10:11:00', '15:12:00', NULL, NULL, '-3.3343281,114.5927959', '-3.3343259,114.5927948', '2025-02-10 06:27:50', '2025-02-10 06:27:50'),
(372, '4289504371', '2024-12-20', '09:17:00', '16:58:00', NULL, NULL, '-3.3343281,114.5927959', '-3.3343259,114.5927948', '2025-02-10 06:27:50', '2025-02-10 06:27:50'),
(373, '4289504371', '2024-12-23', '09:48:00', '15:07:00', NULL, NULL, '-3.3343281,114.5927959', '-3.3343259,114.5927948', '2025-02-10 06:27:50', '2025-02-10 06:27:50'),
(374, '4289504371', '2024-12-24', '08:33:00', '16:29:00', NULL, NULL, '-3.3343281,114.5927959', '-3.3343259,114.5927948', '2025-02-10 06:27:50', '2025-02-10 06:27:50'),
(375, '4289504371', '2024-12-25', '10:53:00', '15:56:00', NULL, NULL, '-3.3343281,114.5927959', '-3.3343259,114.5927948', '2025-02-10 06:27:50', '2025-02-10 06:27:50'),
(376, '4289504371', '2024-12-26', '09:17:00', '17:49:00', NULL, NULL, '-3.3343281,114.5927959', '-3.3343259,114.5927948', '2025-02-10 06:27:50', '2025-02-10 06:27:50'),
(377, '4289504371', '2024-12-27', '08:01:00', '16:41:00', NULL, NULL, '-3.3343281,114.5927959', '-3.3343259,114.5927948', '2025-02-10 06:27:50', '2025-02-10 06:27:50'),
(378, '4289504371', '2024-12-30', '09:18:00', '17:09:00', NULL, NULL, '-3.3343281,114.5927959', '-3.3343259,114.5927948', '2025-02-10 06:27:50', '2025-02-10 06:27:50'),
(379, '4289504371', '2024-12-31', '10:00:00', '15:34:00', NULL, NULL, '-3.3343281,114.5927959', '-3.3343259,114.5927948', '2025-02-10 06:27:50', '2025-02-10 06:27:50'),
(380, '4289504371', '2025-01-01', '09:17:00', '17:24:00', NULL, NULL, '-3.3343281,114.5927959', '-3.3343259,114.5927948', '2025-02-10 06:27:50', '2025-02-10 06:27:50'),
(381, '4289504371', '2025-01-02', '08:55:00', '16:08:00', NULL, NULL, '-3.3343281,114.5927959', '-3.3343259,114.5927948', '2025-02-10 06:27:50', '2025-02-10 06:27:50'),
(382, '4289504371', '2025-01-03', '10:00:00', '17:55:00', NULL, NULL, '-3.3343281,114.5927959', '-3.3343259,114.5927948', '2025-02-10 06:27:50', '2025-02-10 06:27:50'),
(383, '4289504371', '2025-01-06', '10:10:00', '17:14:00', NULL, NULL, '-3.3343281,114.5927959', '-3.3343259,114.5927948', '2025-02-10 06:27:50', '2025-02-10 06:27:50'),
(384, '4289504371', '2025-01-07', '10:19:00', '16:40:00', NULL, NULL, '-3.3343281,114.5927959', '-3.3343259,114.5927948', '2025-02-10 06:27:50', '2025-02-10 06:27:50'),
(385, '4289504371', '2025-01-08', '10:06:00', '17:33:00', NULL, NULL, '-3.3343281,114.5927959', '-3.3343259,114.5927948', '2025-02-10 06:27:50', '2025-02-10 06:27:50'),
(386, '4289504371', '2025-01-09', '09:12:00', '17:04:00', NULL, NULL, '-3.3343281,114.5927959', '-3.3343259,114.5927948', '2025-02-10 06:27:50', '2025-02-10 06:27:50'),
(387, '4289504371', '2025-01-10', '10:19:00', '17:43:00', NULL, NULL, '-3.3343281,114.5927959', '-3.3343259,114.5927948', '2025-02-10 06:27:50', '2025-02-10 06:27:50'),
(388, '4289504371', '2025-01-13', '08:44:00', '16:03:00', NULL, NULL, '-3.3343281,114.5927959', '-3.3343259,114.5927948', '2025-02-10 06:27:50', '2025-02-10 06:27:50'),
(389, '4289504371', '2025-01-14', '10:31:00', '17:53:00', NULL, NULL, '-3.3343281,114.5927959', '-3.3343259,114.5927948', '2025-02-10 06:27:50', '2025-02-10 06:27:50'),
(390, '4289504371', '2025-01-15', '09:28:00', '17:34:00', NULL, NULL, '-3.3343281,114.5927959', '-3.3343259,114.5927948', '2025-02-10 06:27:50', '2025-02-10 06:27:50'),
(391, '4289504371', '2025-01-16', '09:48:00', '17:08:00', NULL, NULL, '-3.3343281,114.5927959', '-3.3343259,114.5927948', '2025-02-10 06:27:50', '2025-02-10 06:27:50'),
(392, '4289504371', '2025-01-17', '10:33:00', '17:13:00', NULL, NULL, '-3.3343281,114.5927959', '-3.3343259,114.5927948', '2025-02-10 06:27:50', '2025-02-10 06:27:50'),
(393, '4289504371', '2025-01-20', '08:30:00', '17:19:00', NULL, NULL, '-3.3343281,114.5927959', '-3.3343259,114.5927948', '2025-02-10 06:27:50', '2025-02-10 06:27:50'),
(394, '4289504371', '2025-01-21', '10:25:00', '15:55:00', NULL, NULL, '-3.3343281,114.5927959', '-3.3343259,114.5927948', '2025-02-10 06:27:50', '2025-02-10 06:27:50'),
(395, '4289504371', '2025-01-22', '09:45:00', '17:36:00', NULL, NULL, '-3.3343281,114.5927959', '-3.3343259,114.5927948', '2025-02-10 06:27:50', '2025-02-10 06:27:50'),
(396, '4289504371', '2025-01-23', '09:43:00', '15:07:00', NULL, NULL, '-3.3343281,114.5927959', '-3.3343259,114.5927948', '2025-02-10 06:27:50', '2025-02-10 06:27:50'),
(397, '4289504371', '2025-01-24', '09:07:00', '15:51:00', NULL, NULL, '-3.3343281,114.5927959', '-3.3343259,114.5927948', '2025-02-10 06:27:50', '2025-02-10 06:27:50'),
(398, '4289504371', '2025-01-27', '08:57:00', '16:12:00', NULL, NULL, '-3.3343281,114.5927959', '-3.3343259,114.5927948', '2025-02-10 06:27:50', '2025-02-10 06:27:50'),
(399, '4289504371', '2025-01-28', '08:25:00', '17:05:00', NULL, NULL, '-3.3343281,114.5927959', '-3.3343259,114.5927948', '2025-02-10 06:27:50', '2025-02-10 06:27:50'),
(400, '4289504371', '2025-01-29', '09:16:00', '16:48:00', NULL, NULL, '-3.3343281,114.5927959', '-3.3343259,114.5927948', '2025-02-10 06:27:50', '2025-02-10 06:27:50'),
(401, '4289504371', '2025-01-30', '08:20:00', '16:07:00', NULL, NULL, '-3.3343281,114.5927959', '-3.3343259,114.5927948', '2025-02-10 06:27:50', '2025-02-10 06:27:50'),
(402, '4289504371', '2025-01-31', '09:48:00', '16:12:00', NULL, NULL, '-3.3343281,114.5927959', '-3.3343259,114.5927948', '2025-02-10 06:27:50', '2025-02-10 06:27:50'),
(403, '4289504371', '2025-02-03', '10:58:00', '16:16:00', NULL, NULL, '-3.3343281,114.5927959', '-3.3343259,114.5927948', '2025-02-10 06:27:50', '2025-02-10 06:27:50'),
(404, '4289504371', '2025-02-04', '10:21:00', '15:40:00', NULL, NULL, '-3.3343281,114.5927959', '-3.3343259,114.5927948', '2025-02-10 06:27:50', '2025-02-10 06:27:50'),
(405, '4289504371', '2025-02-05', '08:42:00', '16:27:00', NULL, NULL, '-3.3343281,114.5927959', '-3.3343259,114.5927948', '2025-02-10 06:27:50', '2025-02-10 06:27:50'),
(406, '4289504371', '2025-02-06', '10:00:00', '15:18:00', NULL, NULL, '-3.3343281,114.5927959', '-3.3343259,114.5927948', '2025-02-10 06:27:50', '2025-02-10 06:27:50'),
(407, '4289504371', '2025-02-07', '10:13:00', '17:37:00', NULL, NULL, '-3.3343281,114.5927959', '-3.3343259,114.5927948', '2025-02-10 06:27:50', '2025-02-10 06:27:50'),
(408, '4289504371', '2025-02-10', '09:42:00', '17:08:00', NULL, NULL, '-3.3343281,114.5927959', '-3.3343259,114.5927948', '2025-02-10 06:27:50', '2025-02-10 06:27:50'),
(409, '7391175503', '2024-12-02', '10:47:00', '17:42:00', NULL, NULL, '-3.3343281,114.5927959', '-3.3343259,114.5927948', '2025-02-10 06:27:50', '2025-02-10 06:27:50'),
(410, '7391175503', '2024-12-03', '09:42:00', '17:57:00', NULL, NULL, '-3.3343281,114.5927959', '-3.3343259,114.5927948', '2025-02-10 06:27:50', '2025-02-10 06:27:50'),
(411, '7391175503', '2024-12-04', '08:17:00', '15:42:00', NULL, NULL, '-3.3343281,114.5927959', '-3.3343259,114.5927948', '2025-02-10 06:27:50', '2025-02-10 06:27:50'),
(412, '7391175503', '2024-12-05', '08:12:00', '15:27:00', NULL, NULL, '-3.3343281,114.5927959', '-3.3343259,114.5927948', '2025-02-10 06:27:50', '2025-02-10 06:27:50'),
(413, '7391175503', '2024-12-06', '09:20:00', '15:00:00', NULL, NULL, '-3.3343281,114.5927959', '-3.3343259,114.5927948', '2025-02-10 06:27:50', '2025-02-10 06:27:50'),
(414, '7391175503', '2024-12-09', '10:59:00', '15:50:00', NULL, NULL, '-3.3343281,114.5927959', '-3.3343259,114.5927948', '2025-02-10 06:27:50', '2025-02-10 06:27:50'),
(415, '7391175503', '2024-12-10', '10:01:00', '17:55:00', NULL, NULL, '-3.3343281,114.5927959', '-3.3343259,114.5927948', '2025-02-10 06:27:50', '2025-02-10 06:27:50'),
(416, '7391175503', '2024-12-11', '08:28:00', '15:34:00', NULL, NULL, '-3.3343281,114.5927959', '-3.3343259,114.5927948', '2025-02-10 06:27:50', '2025-02-10 06:27:50'),
(417, '7391175503', '2024-12-12', '08:00:00', '17:31:00', NULL, NULL, '-3.3343281,114.5927959', '-3.3343259,114.5927948', '2025-02-10 06:27:50', '2025-02-10 06:27:50'),
(418, '7391175503', '2024-12-13', '10:10:00', '15:35:00', NULL, NULL, '-3.3343281,114.5927959', '-3.3343259,114.5927948', '2025-02-10 06:27:50', '2025-02-10 06:27:50'),
(419, '7391175503', '2024-12-16', '08:55:00', '15:14:00', NULL, NULL, '-3.3343281,114.5927959', '-3.3343259,114.5927948', '2025-02-10 06:27:50', '2025-02-10 06:27:50'),
(420, '7391175503', '2024-12-17', '09:04:00', '16:40:00', NULL, NULL, '-3.3343281,114.5927959', '-3.3343259,114.5927948', '2025-02-10 06:27:50', '2025-02-10 06:27:50'),
(421, '7391175503', '2024-12-18', '10:39:00', '16:08:00', NULL, NULL, '-3.3343281,114.5927959', '-3.3343259,114.5927948', '2025-02-10 06:27:50', '2025-02-10 06:27:50'),
(422, '7391175503', '2024-12-19', '08:23:00', '17:18:00', NULL, NULL, '-3.3343281,114.5927959', '-3.3343259,114.5927948', '2025-02-10 06:27:50', '2025-02-10 06:27:50'),
(423, '7391175503', '2024-12-20', '08:59:00', '16:00:00', NULL, NULL, '-3.3343281,114.5927959', '-3.3343259,114.5927948', '2025-02-10 06:27:50', '2025-02-10 06:27:50'),
(424, '7391175503', '2024-12-23', '09:33:00', '17:43:00', NULL, NULL, '-3.3343281,114.5927959', '-3.3343259,114.5927948', '2025-02-10 06:27:50', '2025-02-10 06:27:50'),
(425, '7391175503', '2024-12-24', '10:20:00', '17:22:00', NULL, NULL, '-3.3343281,114.5927959', '-3.3343259,114.5927948', '2025-02-10 06:27:50', '2025-02-10 06:27:50'),
(426, '7391175503', '2024-12-25', '08:49:00', '16:13:00', NULL, NULL, '-3.3343281,114.5927959', '-3.3343259,114.5927948', '2025-02-10 06:27:50', '2025-02-10 06:27:50'),
(427, '7391175503', '2024-12-26', '09:58:00', '15:12:00', NULL, NULL, '-3.3343281,114.5927959', '-3.3343259,114.5927948', '2025-02-10 06:27:50', '2025-02-10 06:27:50'),
(428, '7391175503', '2024-12-27', '10:46:00', '17:29:00', NULL, NULL, '-3.3343281,114.5927959', '-3.3343259,114.5927948', '2025-02-10 06:27:50', '2025-02-10 06:27:50'),
(429, '7391175503', '2024-12-30', '10:05:00', '17:35:00', NULL, NULL, '-3.3343281,114.5927959', '-3.3343259,114.5927948', '2025-02-10 06:27:50', '2025-02-10 06:27:50'),
(430, '7391175503', '2024-12-31', '09:09:00', '15:57:00', NULL, NULL, '-3.3343281,114.5927959', '-3.3343259,114.5927948', '2025-02-10 06:27:50', '2025-02-10 06:27:50'),
(431, '7391175503', '2025-01-01', '10:10:00', '16:24:00', NULL, NULL, '-3.3343281,114.5927959', '-3.3343259,114.5927948', '2025-02-10 06:27:50', '2025-02-10 06:27:50'),
(432, '7391175503', '2025-01-02', '08:11:00', '17:34:00', NULL, NULL, '-3.3343281,114.5927959', '-3.3343259,114.5927948', '2025-02-10 06:27:50', '2025-02-10 06:27:50'),
(433, '7391175503', '2025-01-03', '10:38:00', '17:56:00', NULL, NULL, '-3.3343281,114.5927959', '-3.3343259,114.5927948', '2025-02-10 06:27:50', '2025-02-10 06:27:50'),
(434, '7391175503', '2025-01-06', '10:05:00', '16:11:00', NULL, NULL, '-3.3343281,114.5927959', '-3.3343259,114.5927948', '2025-02-10 06:27:50', '2025-02-10 06:27:50'),
(435, '7391175503', '2025-01-07', '08:46:00', '16:46:00', NULL, NULL, '-3.3343281,114.5927959', '-3.3343259,114.5927948', '2025-02-10 06:27:50', '2025-02-10 06:27:50'),
(436, '7391175503', '2025-01-08', '09:00:00', '16:55:00', NULL, NULL, '-3.3343281,114.5927959', '-3.3343259,114.5927948', '2025-02-10 06:27:50', '2025-02-10 06:27:50'),
(437, '7391175503', '2025-01-09', '08:51:00', '17:58:00', NULL, NULL, '-3.3343281,114.5927959', '-3.3343259,114.5927948', '2025-02-10 06:27:50', '2025-02-10 06:27:50'),
(438, '7391175503', '2025-01-10', '08:46:00', '16:58:00', NULL, NULL, '-3.3343281,114.5927959', '-3.3343259,114.5927948', '2025-02-10 06:27:50', '2025-02-10 06:27:50'),
(439, '7391175503', '2025-01-13', '09:40:00', '17:45:00', NULL, NULL, '-3.3343281,114.5927959', '-3.3343259,114.5927948', '2025-02-10 06:27:50', '2025-02-10 06:27:50'),
(440, '7391175503', '2025-01-14', '09:11:00', '16:26:00', NULL, NULL, '-3.3343281,114.5927959', '-3.3343259,114.5927948', '2025-02-10 06:27:50', '2025-02-10 06:27:50'),
(441, '7391175503', '2025-01-15', '09:28:00', '16:41:00', NULL, NULL, '-3.3343281,114.5927959', '-3.3343259,114.5927948', '2025-02-10 06:27:50', '2025-02-10 06:27:50'),
(442, '7391175503', '2025-01-16', '10:56:00', '15:46:00', NULL, NULL, '-3.3343281,114.5927959', '-3.3343259,114.5927948', '2025-02-10 06:27:50', '2025-02-10 06:27:50'),
(443, '7391175503', '2025-01-17', '08:03:00', '17:37:00', NULL, NULL, '-3.3343281,114.5927959', '-3.3343259,114.5927948', '2025-02-10 06:27:50', '2025-02-10 06:27:50'),
(444, '7391175503', '2025-01-20', '08:25:00', '15:22:00', NULL, NULL, '-3.3343281,114.5927959', '-3.3343259,114.5927948', '2025-02-10 06:27:50', '2025-02-10 06:27:50'),
(445, '7391175503', '2025-01-21', '09:32:00', '15:15:00', NULL, NULL, '-3.3343281,114.5927959', '-3.3343259,114.5927948', '2025-02-10 06:27:50', '2025-02-10 06:27:50'),
(446, '7391175503', '2025-01-22', '10:38:00', '16:47:00', NULL, NULL, '-3.3343281,114.5927959', '-3.3343259,114.5927948', '2025-02-10 06:27:50', '2025-02-10 06:27:50'),
(447, '7391175503', '2025-01-23', '10:22:00', '17:30:00', NULL, NULL, '-3.3343281,114.5927959', '-3.3343259,114.5927948', '2025-02-10 06:27:50', '2025-02-10 06:27:50'),
(448, '7391175503', '2025-01-24', '10:55:00', '15:59:00', NULL, NULL, '-3.3343281,114.5927959', '-3.3343259,114.5927948', '2025-02-10 06:27:50', '2025-02-10 06:27:50'),
(449, '7391175503', '2025-01-27', '09:02:00', '17:49:00', NULL, NULL, '-3.3343281,114.5927959', '-3.3343259,114.5927948', '2025-02-10 06:27:50', '2025-02-10 06:27:50'),
(450, '7391175503', '2025-01-28', '08:24:00', '16:23:00', NULL, NULL, '-3.3343281,114.5927959', '-3.3343259,114.5927948', '2025-02-10 06:27:50', '2025-02-10 06:27:50'),
(451, '7391175503', '2025-01-29', '08:42:00', '16:17:00', NULL, NULL, '-3.3343281,114.5927959', '-3.3343259,114.5927948', '2025-02-10 06:27:50', '2025-02-10 06:27:50'),
(452, '7391175503', '2025-01-30', '10:54:00', '15:06:00', NULL, NULL, '-3.3343281,114.5927959', '-3.3343259,114.5927948', '2025-02-10 06:27:50', '2025-02-10 06:27:50'),
(453, '7391175503', '2025-01-31', '09:13:00', '16:48:00', NULL, NULL, '-3.3343281,114.5927959', '-3.3343259,114.5927948', '2025-02-10 06:27:50', '2025-02-10 06:27:50'),
(454, '7391175503', '2025-02-03', '09:45:00', '17:09:00', NULL, NULL, '-3.3343281,114.5927959', '-3.3343259,114.5927948', '2025-02-10 06:27:50', '2025-02-10 06:27:50'),
(455, '7391175503', '2025-02-04', '08:01:00', '16:08:00', NULL, NULL, '-3.3343281,114.5927959', '-3.3343259,114.5927948', '2025-02-10 06:27:50', '2025-02-10 06:27:50'),
(456, '7391175503', '2025-02-05', '08:10:00', '15:04:00', NULL, NULL, '-3.3343281,114.5927959', '-3.3343259,114.5927948', '2025-02-10 06:27:50', '2025-02-10 06:27:50'),
(457, '7391175503', '2025-02-06', '08:31:00', '15:29:00', NULL, NULL, '-3.3343281,114.5927959', '-3.3343259,114.5927948', '2025-02-10 06:27:50', '2025-02-10 06:27:50'),
(458, '7391175503', '2025-02-07', '09:15:00', '17:53:00', NULL, NULL, '-3.3343281,114.5927959', '-3.3343259,114.5927948', '2025-02-10 06:27:50', '2025-02-10 06:27:50'),
(459, '7391175503', '2025-02-10', '09:22:00', '16:06:00', NULL, NULL, '-3.3343281,114.5927959', '-3.3343259,114.5927948', '2025-02-10 06:27:50', '2025-02-10 06:27:50'),
(460, '7949447646', '2024-12-02', '09:07:00', '17:30:00', NULL, NULL, '-3.3343281,114.5927959', '-3.3343259,114.5927948', '2025-02-10 06:27:50', '2025-02-10 06:27:50'),
(461, '7949447646', '2024-12-03', '08:55:00', '15:31:00', NULL, NULL, '-3.3343281,114.5927959', '-3.3343259,114.5927948', '2025-02-10 06:27:50', '2025-02-10 06:27:50'),
(462, '7949447646', '2024-12-04', '08:57:00', '17:19:00', NULL, NULL, '-3.3343281,114.5927959', '-3.3343259,114.5927948', '2025-02-10 06:27:50', '2025-02-10 06:27:50'),
(463, '7949447646', '2024-12-05', '08:31:00', '15:33:00', NULL, NULL, '-3.3343281,114.5927959', '-3.3343259,114.5927948', '2025-02-10 06:27:50', '2025-02-10 06:27:50'),
(464, '7949447646', '2024-12-06', '09:49:00', '17:18:00', NULL, NULL, '-3.3343281,114.5927959', '-3.3343259,114.5927948', '2025-02-10 06:27:50', '2025-02-10 06:27:50'),
(465, '7949447646', '2024-12-09', '09:58:00', '17:34:00', NULL, NULL, '-3.3343281,114.5927959', '-3.3343259,114.5927948', '2025-02-10 06:27:50', '2025-02-10 06:27:50'),
(466, '7949447646', '2024-12-10', '09:08:00', '16:25:00', NULL, NULL, '-3.3343281,114.5927959', '-3.3343259,114.5927948', '2025-02-10 06:27:50', '2025-02-10 06:27:50'),
(467, '7949447646', '2024-12-11', '09:45:00', '17:25:00', NULL, NULL, '-3.3343281,114.5927959', '-3.3343259,114.5927948', '2025-02-10 06:27:51', '2025-02-10 06:27:51'),
(468, '7949447646', '2024-12-12', '10:41:00', '15:03:00', NULL, NULL, '-3.3343281,114.5927959', '-3.3343259,114.5927948', '2025-02-10 06:27:51', '2025-02-10 06:27:51'),
(469, '7949447646', '2024-12-13', '10:02:00', '17:56:00', NULL, NULL, '-3.3343281,114.5927959', '-3.3343259,114.5927948', '2025-02-10 06:27:51', '2025-02-10 06:27:51'),
(470, '7949447646', '2024-12-16', '09:01:00', '16:24:00', NULL, NULL, '-3.3343281,114.5927959', '-3.3343259,114.5927948', '2025-02-10 06:27:51', '2025-02-10 06:27:51'),
(471, '7949447646', '2024-12-17', '10:18:00', '15:36:00', NULL, NULL, '-3.3343281,114.5927959', '-3.3343259,114.5927948', '2025-02-10 06:27:51', '2025-02-10 06:27:51'),
(472, '7949447646', '2024-12-18', '10:56:00', '16:46:00', NULL, NULL, '-3.3343281,114.5927959', '-3.3343259,114.5927948', '2025-02-10 06:27:51', '2025-02-10 06:27:51'),
(473, '7949447646', '2024-12-19', '09:12:00', '17:02:00', NULL, NULL, '-3.3343281,114.5927959', '-3.3343259,114.5927948', '2025-02-10 06:27:51', '2025-02-10 06:27:51'),
(474, '7949447646', '2024-12-20', '09:33:00', '17:42:00', NULL, NULL, '-3.3343281,114.5927959', '-3.3343259,114.5927948', '2025-02-10 06:27:51', '2025-02-10 06:27:51'),
(475, '7949447646', '2024-12-23', '10:45:00', '15:52:00', NULL, NULL, '-3.3343281,114.5927959', '-3.3343259,114.5927948', '2025-02-10 06:27:51', '2025-02-10 06:27:51'),
(476, '7949447646', '2024-12-24', '09:43:00', '17:50:00', NULL, NULL, '-3.3343281,114.5927959', '-3.3343259,114.5927948', '2025-02-10 06:27:51', '2025-02-10 06:27:51'),
(477, '7949447646', '2024-12-25', '08:20:00', '16:50:00', NULL, NULL, '-3.3343281,114.5927959', '-3.3343259,114.5927948', '2025-02-10 06:27:51', '2025-02-10 06:27:51'),
(478, '7949447646', '2024-12-26', '09:07:00', '15:44:00', NULL, NULL, '-3.3343281,114.5927959', '-3.3343259,114.5927948', '2025-02-10 06:27:51', '2025-02-10 06:27:51'),
(479, '7949447646', '2024-12-27', '09:17:00', '16:50:00', NULL, NULL, '-3.3343281,114.5927959', '-3.3343259,114.5927948', '2025-02-10 06:27:51', '2025-02-10 06:27:51'),
(480, '7949447646', '2024-12-30', '09:01:00', '15:58:00', NULL, NULL, '-3.3343281,114.5927959', '-3.3343259,114.5927948', '2025-02-10 06:27:51', '2025-02-10 06:27:51'),
(481, '7949447646', '2024-12-31', '09:35:00', '15:38:00', NULL, NULL, '-3.3343281,114.5927959', '-3.3343259,114.5927948', '2025-02-10 06:27:51', '2025-02-10 06:27:51'),
(482, '7949447646', '2025-01-01', '10:52:00', '17:51:00', NULL, NULL, '-3.3343281,114.5927959', '-3.3343259,114.5927948', '2025-02-10 06:27:51', '2025-02-10 06:27:51'),
(483, '7949447646', '2025-01-02', '10:38:00', '16:01:00', NULL, NULL, '-3.3343281,114.5927959', '-3.3343259,114.5927948', '2025-02-10 06:27:51', '2025-02-10 06:27:51'),
(484, '7949447646', '2025-01-03', '08:47:00', '15:34:00', NULL, NULL, '-3.3343281,114.5927959', '-3.3343259,114.5927948', '2025-02-10 06:27:51', '2025-02-10 06:27:51'),
(485, '7949447646', '2025-01-06', '09:01:00', '15:04:00', NULL, NULL, '-3.3343281,114.5927959', '-3.3343259,114.5927948', '2025-02-10 06:27:51', '2025-02-10 06:27:51'),
(486, '7949447646', '2025-01-07', '10:14:00', '17:15:00', NULL, NULL, '-3.3343281,114.5927959', '-3.3343259,114.5927948', '2025-02-10 06:27:51', '2025-02-10 06:27:51'),
(487, '7949447646', '2025-01-08', '08:13:00', '15:27:00', NULL, NULL, '-3.3343281,114.5927959', '-3.3343259,114.5927948', '2025-02-10 06:27:51', '2025-02-10 06:27:51'),
(488, '7949447646', '2025-01-09', '08:02:00', '16:26:00', NULL, NULL, '-3.3343281,114.5927959', '-3.3343259,114.5927948', '2025-02-10 06:27:51', '2025-02-10 06:27:51'),
(489, '7949447646', '2025-01-10', '09:10:00', '17:00:00', NULL, NULL, '-3.3343281,114.5927959', '-3.3343259,114.5927948', '2025-02-10 06:27:51', '2025-02-10 06:27:51'),
(490, '7949447646', '2025-01-13', '08:40:00', '17:34:00', NULL, NULL, '-3.3343281,114.5927959', '-3.3343259,114.5927948', '2025-02-10 06:27:51', '2025-02-10 06:27:51'),
(491, '7949447646', '2025-01-14', '09:54:00', '17:17:00', NULL, NULL, '-3.3343281,114.5927959', '-3.3343259,114.5927948', '2025-02-10 06:27:51', '2025-02-10 06:27:51'),
(492, '7949447646', '2025-01-15', '08:03:00', '16:34:00', NULL, NULL, '-3.3343281,114.5927959', '-3.3343259,114.5927948', '2025-02-10 06:27:51', '2025-02-10 06:27:51'),
(493, '7949447646', '2025-01-16', '10:59:00', '16:09:00', NULL, NULL, '-3.3343281,114.5927959', '-3.3343259,114.5927948', '2025-02-10 06:27:51', '2025-02-10 06:27:51'),
(494, '7949447646', '2025-01-17', '10:02:00', '16:22:00', NULL, NULL, '-3.3343281,114.5927959', '-3.3343259,114.5927948', '2025-02-10 06:27:51', '2025-02-10 06:27:51'),
(495, '7949447646', '2025-01-20', '10:44:00', '16:52:00', NULL, NULL, '-3.3343281,114.5927959', '-3.3343259,114.5927948', '2025-02-10 06:27:51', '2025-02-10 06:27:51'),
(496, '7949447646', '2025-01-21', '09:50:00', '15:17:00', NULL, NULL, '-3.3343281,114.5927959', '-3.3343259,114.5927948', '2025-02-10 06:27:51', '2025-02-10 06:27:51'),
(497, '7949447646', '2025-01-22', '10:42:00', '16:20:00', NULL, NULL, '-3.3343281,114.5927959', '-3.3343259,114.5927948', '2025-02-10 06:27:51', '2025-02-10 06:27:51'),
(498, '7949447646', '2025-01-23', '09:35:00', '17:58:00', NULL, NULL, '-3.3343281,114.5927959', '-3.3343259,114.5927948', '2025-02-10 06:27:51', '2025-02-10 06:27:51'),
(499, '7949447646', '2025-01-24', '10:45:00', '16:14:00', NULL, NULL, '-3.3343281,114.5927959', '-3.3343259,114.5927948', '2025-02-10 06:27:51', '2025-02-10 06:27:51'),
(500, '7949447646', '2025-01-27', '10:31:00', '16:06:00', NULL, NULL, '-3.3343281,114.5927959', '-3.3343259,114.5927948', '2025-02-10 06:27:51', '2025-02-10 06:27:51'),
(501, '7949447646', '2025-01-28', '10:08:00', '16:21:00', NULL, NULL, '-3.3343281,114.5927959', '-3.3343259,114.5927948', '2025-02-10 06:27:51', '2025-02-10 06:27:51'),
(502, '7949447646', '2025-01-29', '09:26:00', '17:01:00', NULL, NULL, '-3.3343281,114.5927959', '-3.3343259,114.5927948', '2025-02-10 06:27:51', '2025-02-10 06:27:51'),
(503, '7949447646', '2025-01-30', '10:07:00', '15:22:00', NULL, NULL, '-3.3343281,114.5927959', '-3.3343259,114.5927948', '2025-02-10 06:27:51', '2025-02-10 06:27:51'),
(504, '7949447646', '2025-01-31', '09:10:00', '16:13:00', NULL, NULL, '-3.3343281,114.5927959', '-3.3343259,114.5927948', '2025-02-10 06:27:51', '2025-02-10 06:27:51'),
(505, '7949447646', '2025-02-03', '10:14:00', '16:30:00', NULL, NULL, '-3.3343281,114.5927959', '-3.3343259,114.5927948', '2025-02-10 06:27:51', '2025-02-10 06:27:51'),
(506, '7949447646', '2025-02-04', '08:07:00', '15:24:00', NULL, NULL, '-3.3343281,114.5927959', '-3.3343259,114.5927948', '2025-02-10 06:27:51', '2025-02-10 06:27:51'),
(507, '7949447646', '2025-02-05', '10:46:00', '16:03:00', NULL, NULL, '-3.3343281,114.5927959', '-3.3343259,114.5927948', '2025-02-10 06:27:51', '2025-02-10 06:27:51'),
(508, '7949447646', '2025-02-06', '09:49:00', '16:02:00', NULL, NULL, '-3.3343281,114.5927959', '-3.3343259,114.5927948', '2025-02-10 06:27:51', '2025-02-10 06:27:51'),
(509, '7949447646', '2025-02-07', '09:01:00', '15:01:00', NULL, NULL, '-3.3343281,114.5927959', '-3.3343259,114.5927948', '2025-02-10 06:27:51', '2025-02-10 06:27:51'),
(510, '7949447646', '2025-02-10', '10:40:00', '17:52:00', NULL, NULL, '-3.3343281,114.5927959', '-3.3343259,114.5927948', '2025-02-10 06:27:51', '2025-02-10 06:27:51');

-- --------------------------------------------------------

--
-- Table structure for table `users`
--

CREATE TABLE `users` (
  `id` bigint UNSIGNED NOT NULL,
  `name` varchar(255) COLLATE utf8mb4_unicode_ci NOT NULL,
  `email` varchar(255) COLLATE utf8mb4_unicode_ci NOT NULL,
  `email_verified_at` timestamp NULL DEFAULT NULL,
  `password` varchar(255) COLLATE utf8mb4_unicode_ci NOT NULL,
  `remember_token` varchar(100) COLLATE utf8mb4_unicode_ci DEFAULT NULL,
  `created_at` timestamp NULL DEFAULT NULL,
  `updated_at` timestamp NULL DEFAULT NULL
) ENGINE=InnoDB DEFAULT CHARSET=utf8mb4 COLLATE=utf8mb4_unicode_ci;

--
-- Dumping data for table `users`
--

INSERT INTO `users` (`id`, `name`, `email`, `email_verified_at`, `password`, `remember_token`, `created_at`, `updated_at`) VALUES
(1, 'Admin', 'ahmadrosyad3004@gmail.com', NULL, '$2y$12$cgd6tmpFPtd3/mTcIXb2geZAiAA7iISen1sQvuw6kEje1r8s0R.ku', NULL, '2025-02-10 06:27:43', '2025-02-10 06:27:43');

--
-- Indexes for dumped tables
--

--
-- Indexes for table `failed_jobs`
--
ALTER TABLE `failed_jobs`
  ADD PRIMARY KEY (`id`),
  ADD UNIQUE KEY `failed_jobs_uuid_unique` (`uuid`);

--
-- Indexes for table `izin_sakit`
--
ALTER TABLE `izin_sakit`
  ADD PRIMARY KEY (`id`),
  ADD KEY `izin_sakit_pegawai_id_foreign` (`pegawai_id`);

--
-- Indexes for table `jabatan`
--
ALTER TABLE `jabatan`
  ADD PRIMARY KEY (`id`),
  ADD UNIQUE KEY `jabatan_kode_jabatan_unique` (`kode_jabatan`);

--
-- Indexes for table `konfigurasi_lokasi`
--
ALTER TABLE `konfigurasi_lokasi`
  ADD PRIMARY KEY (`id`);

--
-- Indexes for table `migrations`
--
ALTER TABLE `migrations`
  ADD PRIMARY KEY (`id`);

--
-- Indexes for table `password_reset_tokens`
--
ALTER TABLE `password_reset_tokens`
  ADD PRIMARY KEY (`email`);

--
-- Indexes for table `pegawai`
--
ALTER TABLE `pegawai`
  ADD PRIMARY KEY (`nip`),
  ADD UNIQUE KEY `pegawai_no_telp_unique` (`no_telp`),
  ADD KEY `pegawai_jabatan_id_foreign` (`jabatan_id`);

--
-- Indexes for table `personal_access_tokens`
--
ALTER TABLE `personal_access_tokens`
  ADD PRIMARY KEY (`id`),
  ADD UNIQUE KEY `personal_access_tokens_token_unique` (`token`),
  ADD KEY `personal_access_tokens_tokenable_type_tokenable_id_index` (`tokenable_type`,`tokenable_id`);

--
-- Indexes for table `presensi`
--
ALTER TABLE `presensi`
  ADD PRIMARY KEY (`id`),
  ADD KEY `presensi_pegawai_id_foreign` (`pegawai_id`);

--
-- Indexes for table `users`
--
ALTER TABLE `users`
  ADD PRIMARY KEY (`id`),
  ADD UNIQUE KEY `users_email_unique` (`email`);

--
-- AUTO_INCREMENT for dumped tables
--

--
-- AUTO_INCREMENT for table `failed_jobs`
--
ALTER TABLE `failed_jobs`
  MODIFY `id` bigint UNSIGNED NOT NULL AUTO_INCREMENT;

--
-- AUTO_INCREMENT for table `izin_sakit`
--
ALTER TABLE `izin_sakit`
  MODIFY `id` bigint UNSIGNED NOT NULL AUTO_INCREMENT, AUTO_INCREMENT=51;

--
-- AUTO_INCREMENT for table `jabatan`
--
ALTER TABLE `jabatan`
  MODIFY `id` bigint UNSIGNED NOT NULL AUTO_INCREMENT, AUTO_INCREMENT=10;

--
-- AUTO_INCREMENT for table `konfigurasi_lokasi`
--
ALTER TABLE `konfigurasi_lokasi`
  MODIFY `id` bigint UNSIGNED NOT NULL AUTO_INCREMENT, AUTO_INCREMENT=2;

--
-- AUTO_INCREMENT for table `migrations`
--
ALTER TABLE `migrations`
  MODIFY `id` int UNSIGNED NOT NULL AUTO_INCREMENT, AUTO_INCREMENT=10;

--
-- AUTO_INCREMENT for table `personal_access_tokens`
--
ALTER TABLE `personal_access_tokens`
  MODIFY `id` bigint UNSIGNED NOT NULL AUTO_INCREMENT;

--
-- AUTO_INCREMENT for table `presensi`
--
ALTER TABLE `presensi`
  MODIFY `id` bigint UNSIGNED NOT NULL AUTO_INCREMENT, AUTO_INCREMENT=511;

--
-- AUTO_INCREMENT for table `users`
--
ALTER TABLE `users`
  MODIFY `id` bigint UNSIGNED NOT NULL AUTO_INCREMENT, AUTO_INCREMENT=2;

--
-- Constraints for dumped tables
--

--
-- Constraints for table `izin_sakit`
--
ALTER TABLE `izin_sakit`
  ADD CONSTRAINT `izin_sakit_pegawai_id_foreign` FOREIGN KEY (`pegawai_id`) REFERENCES `pegawai` (`nip`) ON DELETE CASCADE ON UPDATE CASCADE;

--
-- Constraints for table `pegawai`
--
ALTER TABLE `pegawai`
  ADD CONSTRAINT `pegawai_jabatan_id_foreign` FOREIGN KEY (`jabatan_id`) REFERENCES `jabatan` (`id`) ON DELETE CASCADE ON UPDATE CASCADE;

--
-- Constraints for table `presensi`
--
ALTER TABLE `presensi`
  ADD CONSTRAINT `presensi_pegawai_id_foreign` FOREIGN KEY (`pegawai_id`) REFERENCES `pegawai` (`nip`) ON DELETE CASCADE ON UPDATE CASCADE;
COMMIT;

/*!40101 SET CHARACTER_SET_CLIENT=@OLD_CHARACTER_SET_CLIENT */;
/*!40101 SET CHARACTER_SET_RESULTS=@OLD_CHARACTER_SET_RESULTS */;
/*!40101 SET COLLATION_CONNECTION=@OLD_COLLATION_CONNECTION */;
